"radar_id","datetime","HGHT","u","v","dens","dd","ff","mtr","exclusion_reason"
"seang",2016-10-03 20:00:00,0,,,,,,,"datetime"
"seang",2016-10-03 20:00:00,200,,,,,,,"datetime"
"seang",2016-10-03 20:00:00,400,,,,,,,"datetime"
"seang",2016-10-03 20:00:00,600,,,,,,,"datetime"
"seang",2016-10-03 20:00:00,800,,,,,,,"datetime"
"seang",2016-10-03 20:00:00,1000,,,,,,,"datetime"
"seang",2016-10-03 20:00:00,1200,,,,,,,"datetime"
"seang",2016-10-03 20:00:00,1400,,,,,,,"datetime"
"seang",2016-10-03 20:00:00,1600,,,,,,,"datetime"
"seang",2016-10-03 20:00:00,1800,,,,,,,"datetime"
"seang",2016-10-03 20:00:00,2000,,,,,,,"datetime"
"seang",2016-10-03 20:00:00,2200,,,,,,,"datetime"
"seang",2016-10-03 20:00:00,2400,,,,,,,"datetime"
"seang",2016-10-03 20:00:00,2600,,,,,,,"datetime"
"seang",2016-10-03 20:00:00,2800,,,,,,,"datetime"
"seang",2016-10-03 20:00:00,3000,,,,,,,"datetime"
"seang",2016-10-03 20:00:00,3200,,,,,,,"datetime"
"seang",2016-10-03 20:00:00,3400,,,,,,,"datetime"
"seang",2016-10-03 20:00:00,3600,,,,,,,"datetime"
"seang",2016-10-03 20:00:00,3800,,,,,,,"datetime"
"seang",2016-10-03 20:00:00,4000,,,,,,,"datetime"
"seang",2016-10-03 20:00:00,4200,,,,,,,"datetime"
"seang",2016-10-03 20:00:00,4400,,,,,,,"datetime"
"seang",2016-10-03 20:00:00,4600,,,,,,,"datetime"
"seang",2016-10-03 20:00:00,4800,,,,,,,"datetime"
"seang",2016-10-03 20:15:00,0,,,,,,,"datetime"
"seang",2016-10-03 20:15:00,200,,,,,,,"datetime"
"seang",2016-10-03 20:15:00,400,,,,,,,"datetime"
"seang",2016-10-03 20:15:00,600,,,,,,,"datetime"
"seang",2016-10-03 20:15:00,800,,,,,,,"datetime"
"seang",2016-10-03 20:15:00,1000,,,,,,,"datetime"
"seang",2016-10-03 20:15:00,1200,,,,,,,"datetime"
"seang",2016-10-03 20:15:00,1400,,,,,,,"datetime"
"seang",2016-10-03 20:15:00,1600,,,,,,,"datetime"
"seang",2016-10-03 20:15:00,1800,,,,,,,"datetime"
"seang",2016-10-03 20:15:00,2000,,,,,,,"datetime"
"seang",2016-10-03 20:15:00,2200,,,,,,,"datetime"
"seang",2016-10-03 20:15:00,2400,,,,,,,"datetime"
"seang",2016-10-03 20:15:00,2600,,,,,,,"datetime"
"seang",2016-10-03 20:15:00,2800,,,,,,,"datetime"
"seang",2016-10-03 20:15:00,3000,,,,,,,"datetime"
"seang",2016-10-03 20:15:00,3200,,,,,,,"datetime"
"seang",2016-10-03 20:15:00,3400,,,,,,,"datetime"
"seang",2016-10-03 20:15:00,3600,,,,,,,"datetime"
"seang",2016-10-03 20:15:00,3800,,,,,,,"datetime"
"seang",2016-10-03 20:15:00,4000,,,,,,,"datetime"
"seang",2016-10-03 20:15:00,4200,,,,,,,"datetime"
"seang",2016-10-03 20:15:00,4400,,,,,,,"datetime"
"seang",2016-10-03 20:15:00,4600,,,,,,,"datetime"
"seang",2016-10-03 20:15:00,4800,,,,,,,"datetime"
"seang",2016-10-03 20:30:00,0,,,,,,,"height"
"seang",2016-10-03 20:30:00,200,,,,,,,"height"
"seang",2016-10-03 20:30:00,400,-6.7977557182312,-7.84822034835815,27.2997207641602,220.897552490234,10.3828725814819,56.6899044408623,
"seang",2016-10-03 20:30:00,600,-5.81775808334351,-8.97929763793945,17.1304683685303,212.939514160156,10.6992568969727,36.6566563680739,
"seang",2016-10-03 20:30:00,800,-5.46895790100098,-8.2620267868042,11.4793796539307,213.50212097168,9.90810680389404,22.7477839307187,
"seang",2016-10-03 20:30:00,1000,-5.54356288909912,-10.8482255935669,7.7168140411377,207.067535400391,12.1825733184814,18.8021305682494,
"seang",2016-10-03 20:30:00,1200,,,,,,,
"seang",2016-10-03 20:30:00,1400,,,,,,,
"seang",2016-10-03 20:30:00,1600,,,,,,,
"seang",2016-10-03 20:30:00,1800,,,,,,,
"seang",2016-10-03 20:30:00,2000,,,,,,,
"seang",2016-10-03 20:30:00,2200,,,,,,,"height"
"seang",2016-10-03 20:30:00,2400,,,,,,,"height"
"seang",2016-10-03 20:30:00,2600,,,,,,,"height"
"seang",2016-10-03 20:30:00,2800,,,,,,,"height"
"seang",2016-10-03 20:30:00,3000,,,,,,,"height"
"seang",2016-10-03 20:30:00,3200,,,,,,,"height"
"seang",2016-10-03 20:30:00,3400,,,,,,,"height"
"seang",2016-10-03 20:30:00,3600,,,,,,,"height"
"seang",2016-10-03 20:30:00,3800,,,,,,,"height"
"seang",2016-10-03 20:30:00,4000,,,,,,,"height"
"seang",2016-10-03 20:30:00,4200,,,,,,,"height"
"seang",2016-10-03 20:30:00,4400,,,,,,,"height"
"seang",2016-10-03 20:30:00,4600,,,,,,,"height"
"seang",2016-10-03 20:30:00,4800,,,,,,,"height"
"seang",2016-10-03 20:45:00,0,,,,,,,"datetime"
"seang",2016-10-03 20:45:00,200,,,,,,,"datetime"
"seang",2016-10-03 20:45:00,400,,,,,,,"datetime"
"seang",2016-10-03 20:45:00,600,,,,,,,"datetime"
"seang",2016-10-03 20:45:00,800,,,,,,,"datetime"
"seang",2016-10-03 20:45:00,1000,,,,,,,"datetime"
"seang",2016-10-03 20:45:00,1200,,,,,,,"datetime"
"seang",2016-10-03 20:45:00,1400,,,,,,,"datetime"
"seang",2016-10-03 20:45:00,1600,,,,,,,"datetime"
"seang",2016-10-03 20:45:00,1800,,,,,,,"datetime"
"seang",2016-10-03 20:45:00,2000,,,,,,,"datetime"
"seang",2016-10-03 20:45:00,2200,,,,,,,"datetime"
"seang",2016-10-03 20:45:00,2400,,,,,,,"datetime"
"seang",2016-10-03 20:45:00,2600,,,,,,,"datetime"
"seang",2016-10-03 20:45:00,2800,,,,,,,"datetime"
"seang",2016-10-03 20:45:00,3000,,,,,,,"datetime"
"seang",2016-10-03 20:45:00,3200,,,,,,,"datetime"
"seang",2016-10-03 20:45:00,3400,,,,,,,"datetime"
"seang",2016-10-03 20:45:00,3600,,,,,,,"datetime"
"seang",2016-10-03 20:45:00,3800,,,,,,,"datetime"
"seang",2016-10-03 20:45:00,4000,,,,,,,"datetime"
"seang",2016-10-03 20:45:00,4200,,,,,,,"datetime"
"seang",2016-10-03 20:45:00,4400,,,,,,,"datetime"
"seang",2016-10-03 20:45:00,4600,,,,,,,"datetime"
"seang",2016-10-03 20:45:00,4800,,,,,,,"datetime"
"seang",2016-10-03 21:00:00,0,,,,,,,"datetime"
"seang",2016-10-03 21:00:00,200,,,,,,,"datetime"
"seang",2016-10-03 21:00:00,400,,,,,,,"datetime"
"seang",2016-10-03 21:00:00,600,,,,,,,"datetime"
"seang",2016-10-03 21:00:00,800,,,,,,,"datetime"
"seang",2016-10-03 21:00:00,1000,,,,,,,"datetime"
"seang",2016-10-03 21:00:00,1200,,,,,,,"datetime"
"seang",2016-10-03 21:00:00,1400,,,,,,,"datetime"
"seang",2016-10-03 21:00:00,1600,,,,,,,"datetime"
"seang",2016-10-03 21:00:00,1800,,,,,,,"datetime"
"seang",2016-10-03 21:00:00,2000,,,,,,,"datetime"
"seang",2016-10-03 21:00:00,2200,,,,,,,"datetime"
"seang",2016-10-03 21:00:00,2400,,,,,,,"datetime"
"seang",2016-10-03 21:00:00,2600,,,,,,,"datetime"
"seang",2016-10-03 21:00:00,2800,,,,,,,"datetime"
"seang",2016-10-03 21:00:00,3000,,,,,,,"datetime"
"seang",2016-10-03 21:00:00,3200,,,,,,,"datetime"
"seang",2016-10-03 21:00:00,3400,,,,,,,"datetime"
"seang",2016-10-03 21:00:00,3600,,,,,,,"datetime"
"seang",2016-10-03 21:00:00,3800,,,,,,,"datetime"
"seang",2016-10-03 21:00:00,4000,,,,,,,"datetime"
"seang",2016-10-03 21:00:00,4200,,,,,,,"datetime"
"seang",2016-10-03 21:00:00,4400,,,,,,,"datetime"
"seang",2016-10-03 21:00:00,4600,,,,,,,"datetime"
"seang",2016-10-03 21:00:00,4800,,,,,,,"datetime"
"seang",2016-10-03 21:15:00,0,,,,,,,"datetime"
"seang",2016-10-03 21:15:00,200,,,,,,,"datetime"
"seang",2016-10-03 21:15:00,400,,,,,,,"datetime"
"seang",2016-10-03 21:15:00,600,,,,,,,"datetime"
"seang",2016-10-03 21:15:00,800,,,,,,,"datetime"
"seang",2016-10-03 21:15:00,1000,,,,,,,"datetime"
"seang",2016-10-03 21:15:00,1200,,,,,,,"datetime"
"seang",2016-10-03 21:15:00,1400,,,,,,,"datetime"
"seang",2016-10-03 21:15:00,1600,,,,,,,"datetime"
"seang",2016-10-03 21:15:00,1800,,,,,,,"datetime"
"seang",2016-10-03 21:15:00,2000,,,,,,,"datetime"
"seang",2016-10-03 21:15:00,2200,,,,,,,"datetime"
"seang",2016-10-03 21:15:00,2400,,,,,,,"datetime"
"seang",2016-10-03 21:15:00,2600,,,,,,,"datetime"
"seang",2016-10-03 21:15:00,2800,,,,,,,"datetime"
"seang",2016-10-03 21:15:00,3000,,,,,,,"datetime"
"seang",2016-10-03 21:15:00,3200,,,,,,,"datetime"
"seang",2016-10-03 21:15:00,3400,,,,,,,"datetime"
"seang",2016-10-03 21:15:00,3600,,,,,,,"datetime"
"seang",2016-10-03 21:15:00,3800,,,,,,,"datetime"
"seang",2016-10-03 21:15:00,4000,,,,,,,"datetime"
"seang",2016-10-03 21:15:00,4200,,,,,,,"datetime"
"seang",2016-10-03 21:15:00,4400,,,,,,,"datetime"
"seang",2016-10-03 21:15:00,4600,,,,,,,"datetime"
"seang",2016-10-03 21:15:00,4800,,,,,,,"datetime"
"seang",2016-10-03 21:30:00,0,,,,,,,"datetime"
"seang",2016-10-03 21:30:00,200,,,,,,,"datetime"
"seang",2016-10-03 21:30:00,400,,,,,,,"datetime"
"seang",2016-10-03 21:30:00,600,,,,,,,"datetime"
"seang",2016-10-03 21:30:00,800,,,,,,,"datetime"
"seang",2016-10-03 21:30:00,1000,,,,,,,"datetime"
"seang",2016-10-03 21:30:00,1200,,,,,,,"datetime"
"seang",2016-10-03 21:30:00,1400,,,,,,,"datetime"
"seang",2016-10-03 21:30:00,1600,,,,,,,"datetime"
"seang",2016-10-03 21:30:00,1800,,,,,,,"datetime"
"seang",2016-10-03 21:30:00,2000,,,,,,,"datetime"
"seang",2016-10-03 21:30:00,2200,,,,,,,"datetime"
"seang",2016-10-03 21:30:00,2400,,,,,,,"datetime"
"seang",2016-10-03 21:30:00,2600,,,,,,,"datetime"
"seang",2016-10-03 21:30:00,2800,,,,,,,"datetime"
"seang",2016-10-03 21:30:00,3000,,,,,,,"datetime"
"seang",2016-10-03 21:30:00,3200,,,,,,,"datetime"
"seang",2016-10-03 21:30:00,3400,,,,,,,"datetime"
"seang",2016-10-03 21:30:00,3600,,,,,,,"datetime"
"seang",2016-10-03 21:30:00,3800,,,,,,,"datetime"
"seang",2016-10-03 21:30:00,4000,,,,,,,"datetime"
"seang",2016-10-03 21:30:00,4200,,,,,,,"datetime"
"seang",2016-10-03 21:30:00,4400,,,,,,,"datetime"
"seang",2016-10-03 21:30:00,4600,,,,,,,"datetime"
"seang",2016-10-03 21:30:00,4800,,,,,,,"datetime"
"seang",2016-10-03 21:45:00,0,,,,,,,"datetime"
"seang",2016-10-03 21:45:00,200,,,,,,,"datetime"
"seang",2016-10-03 21:45:00,400,,,,,,,"datetime"
"seang",2016-10-03 21:45:00,600,,,,,,,"datetime"
"seang",2016-10-03 21:45:00,800,,,,,,,"datetime"
"seang",2016-10-03 21:45:00,1000,,,,,,,"datetime"
"seang",2016-10-03 21:45:00,1200,,,,,,,"datetime"
"seang",2016-10-03 21:45:00,1400,,,,,,,"datetime"
"seang",2016-10-03 21:45:00,1600,,,,,,,"datetime"
"seang",2016-10-03 21:45:00,1800,,,,,,,"datetime"
"seang",2016-10-03 21:45:00,2000,,,,,,,"datetime"
"seang",2016-10-03 21:45:00,2200,,,,,,,"datetime"
"seang",2016-10-03 21:45:00,2400,,,,,,,"datetime"
"seang",2016-10-03 21:45:00,2600,,,,,,,"datetime"
"seang",2016-10-03 21:45:00,2800,,,,,,,"datetime"
"seang",2016-10-03 21:45:00,3000,,,,,,,"datetime"
"seang",2016-10-03 21:45:00,3200,,,,,,,"datetime"
"seang",2016-10-03 21:45:00,3400,,,,,,,"datetime"
"seang",2016-10-03 21:45:00,3600,,,,,,,"datetime"
"seang",2016-10-03 21:45:00,3800,,,,,,,"datetime"
"seang",2016-10-03 21:45:00,4000,,,,,,,"datetime"
"seang",2016-10-03 21:45:00,4200,,,,,,,"datetime"
"seang",2016-10-03 21:45:00,4400,,,,,,,"datetime"
"seang",2016-10-03 21:45:00,4600,,,,,,,"datetime"
"seang",2016-10-03 21:45:00,4800,,,,,,,"datetime"
"seang",2016-10-03 22:00:00,0,,,,,,,"datetime"
"seang",2016-10-03 22:00:00,200,,,,,,,"datetime"
"seang",2016-10-03 22:00:00,400,,,,,,,"datetime"
"seang",2016-10-03 22:00:00,600,,,,,,,"datetime"
"seang",2016-10-03 22:00:00,800,,,,,,,"datetime"
"seang",2016-10-03 22:00:00,1000,,,,,,,"datetime"
"seang",2016-10-03 22:00:00,1200,,,,,,,"datetime"
"seang",2016-10-03 22:00:00,1400,,,,,,,"datetime"
"seang",2016-10-03 22:00:00,1600,,,,,,,"datetime"
"seang",2016-10-03 22:00:00,1800,,,,,,,"datetime"
"seang",2016-10-03 22:00:00,2000,,,,,,,"datetime"
"seang",2016-10-03 22:00:00,2200,,,,,,,"datetime"
"seang",2016-10-03 22:00:00,2400,,,,,,,"datetime"
"seang",2016-10-03 22:00:00,2600,,,,,,,"datetime"
"seang",2016-10-03 22:00:00,2800,,,,,,,"datetime"
"seang",2016-10-03 22:00:00,3000,,,,,,,"datetime"
"seang",2016-10-03 22:00:00,3200,,,,,,,"datetime"
"seang",2016-10-03 22:00:00,3400,,,,,,,"datetime"
"seang",2016-10-03 22:00:00,3600,,,,,,,"datetime"
"seang",2016-10-03 22:00:00,3800,,,,,,,"datetime"
"seang",2016-10-03 22:00:00,4000,,,,,,,"datetime"
"seang",2016-10-03 22:00:00,4200,,,,,,,"datetime"
"seang",2016-10-03 22:00:00,4400,,,,,,,"datetime"
"seang",2016-10-03 22:00:00,4600,,,,,,,"datetime"
"seang",2016-10-03 22:00:00,4800,,,,,,,"datetime"
"seang",2016-10-03 22:15:00,0,,,,,,,"datetime"
"seang",2016-10-03 22:15:00,200,,,,,,,"datetime"
"seang",2016-10-03 22:15:00,400,,,,,,,"datetime"
"seang",2016-10-03 22:15:00,600,,,,,,,"datetime"
"seang",2016-10-03 22:15:00,800,,,,,,,"datetime"
"seang",2016-10-03 22:15:00,1000,,,,,,,"datetime"
"seang",2016-10-03 22:15:00,1200,,,,,,,"datetime"
"seang",2016-10-03 22:15:00,1400,,,,,,,"datetime"
"seang",2016-10-03 22:15:00,1600,,,,,,,"datetime"
"seang",2016-10-03 22:15:00,1800,,,,,,,"datetime"
"seang",2016-10-03 22:15:00,2000,,,,,,,"datetime"
"seang",2016-10-03 22:15:00,2200,,,,,,,"datetime"
"seang",2016-10-03 22:15:00,2400,,,,,,,"datetime"
"seang",2016-10-03 22:15:00,2600,,,,,,,"datetime"
"seang",2016-10-03 22:15:00,2800,,,,,,,"datetime"
"seang",2016-10-03 22:15:00,3000,,,,,,,"datetime"
"seang",2016-10-03 22:15:00,3200,,,,,,,"datetime"
"seang",2016-10-03 22:15:00,3400,,,,,,,"datetime"
"seang",2016-10-03 22:15:00,3600,,,,,,,"datetime"
"seang",2016-10-03 22:15:00,3800,,,,,,,"datetime"
"seang",2016-10-03 22:15:00,4000,,,,,,,"datetime"
"seang",2016-10-03 22:15:00,4200,,,,,,,"datetime"
"seang",2016-10-03 22:15:00,4400,,,,,,,"datetime"
"seang",2016-10-03 22:15:00,4600,,,,,,,"datetime"
"seang",2016-10-03 22:15:00,4800,,,,,,,"datetime"
"seang",2016-10-03 22:30:00,0,,,,,,,"datetime"
"seang",2016-10-03 22:30:00,200,,,,,,,"datetime"
"seang",2016-10-03 22:30:00,400,,,,,,,"datetime"
"seang",2016-10-03 22:30:00,600,,,,,,,"datetime"
"seang",2016-10-03 22:30:00,800,,,,,,,"datetime"
"seang",2016-10-03 22:30:00,1000,,,,,,,"datetime"
"seang",2016-10-03 22:30:00,1200,,,,,,,"datetime"
"seang",2016-10-03 22:30:00,1400,,,,,,,"datetime"
"seang",2016-10-03 22:30:00,1600,,,,,,,"datetime"
"seang",2016-10-03 22:30:00,1800,,,,,,,"datetime"
"seang",2016-10-03 22:30:00,2000,,,,,,,"datetime"
"seang",2016-10-03 22:30:00,2200,,,,,,,"datetime"
"seang",2016-10-03 22:30:00,2400,,,,,,,"datetime"
"seang",2016-10-03 22:30:00,2600,,,,,,,"datetime"
"seang",2016-10-03 22:30:00,2800,,,,,,,"datetime"
"seang",2016-10-03 22:30:00,3000,,,,,,,"datetime"
"seang",2016-10-03 22:30:00,3200,,,,,,,"datetime"
"seang",2016-10-03 22:30:00,3400,,,,,,,"datetime"
"seang",2016-10-03 22:30:00,3600,,,,,,,"datetime"
"seang",2016-10-03 22:30:00,3800,,,,,,,"datetime"
"seang",2016-10-03 22:30:00,4000,,,,,,,"datetime"
"seang",2016-10-03 22:30:00,4200,,,,,,,"datetime"
"seang",2016-10-03 22:30:00,4400,,,,,,,"datetime"
"seang",2016-10-03 22:30:00,4600,,,,,,,"datetime"
"seang",2016-10-03 22:30:00,4800,,,,,,,"datetime"
"seang",2016-10-03 22:45:00,0,,,,,,,"datetime"
"seang",2016-10-03 22:45:00,200,,,,,,,"datetime"
"seang",2016-10-03 22:45:00,400,,,,,,,"datetime"
"seang",2016-10-03 22:45:00,600,,,,,,,"datetime"
"seang",2016-10-03 22:45:00,800,,,,,,,"datetime"
"seang",2016-10-03 22:45:00,1000,,,,,,,"datetime"
"seang",2016-10-03 22:45:00,1200,,,,,,,"datetime"
"seang",2016-10-03 22:45:00,1400,,,,,,,"datetime"
"seang",2016-10-03 22:45:00,1600,,,,,,,"datetime"
"seang",2016-10-03 22:45:00,1800,,,,,,,"datetime"
"seang",2016-10-03 22:45:00,2000,,,,,,,"datetime"
"seang",2016-10-03 22:45:00,2200,,,,,,,"datetime"
"seang",2016-10-03 22:45:00,2400,,,,,,,"datetime"
"seang",2016-10-03 22:45:00,2600,,,,,,,"datetime"
"seang",2016-10-03 22:45:00,2800,,,,,,,"datetime"
"seang",2016-10-03 22:45:00,3000,,,,,,,"datetime"
"seang",2016-10-03 22:45:00,3200,,,,,,,"datetime"
"seang",2016-10-03 22:45:00,3400,,,,,,,"datetime"
"seang",2016-10-03 22:45:00,3600,,,,,,,"datetime"
"seang",2016-10-03 22:45:00,3800,,,,,,,"datetime"
"seang",2016-10-03 22:45:00,4000,,,,,,,"datetime"
"seang",2016-10-03 22:45:00,4200,,,,,,,"datetime"
"seang",2016-10-03 22:45:00,4400,,,,,,,"datetime"
"seang",2016-10-03 22:45:00,4600,,,,,,,"datetime"
"seang",2016-10-03 22:45:00,4800,,,,,,,"datetime"
"seang",2016-10-03 23:00:00,0,,,,,,,"datetime"
"seang",2016-10-03 23:00:00,200,,,,,,,"datetime"
"seang",2016-10-03 23:00:00,400,,,,,,,"datetime"
"seang",2016-10-03 23:00:00,600,,,,,,,"datetime"
"seang",2016-10-03 23:00:00,800,,,,,,,"datetime"
"seang",2016-10-03 23:00:00,1000,,,,,,,"datetime"
"seang",2016-10-03 23:00:00,1200,,,,,,,"datetime"
"seang",2016-10-03 23:00:00,1400,,,,,,,"datetime"
"seang",2016-10-03 23:00:00,1600,,,,,,,"datetime"
"seang",2016-10-03 23:00:00,1800,,,,,,,"datetime"
"seang",2016-10-03 23:00:00,2000,,,,,,,"datetime"
"seang",2016-10-03 23:00:00,2200,,,,,,,"datetime"
"seang",2016-10-03 23:00:00,2400,,,,,,,"datetime"
"seang",2016-10-03 23:00:00,2600,,,,,,,"datetime"
"seang",2016-10-03 23:00:00,2800,,,,,,,"datetime"
"seang",2016-10-03 23:00:00,3000,,,,,,,"datetime"
"seang",2016-10-03 23:00:00,3200,,,,,,,"datetime"
"seang",2016-10-03 23:00:00,3400,,,,,,,"datetime"
"seang",2016-10-03 23:00:00,3600,,,,,,,"datetime"
"seang",2016-10-03 23:00:00,3800,,,,,,,"datetime"
"seang",2016-10-03 23:00:00,4000,,,,,,,"datetime"
"seang",2016-10-03 23:00:00,4200,,,,,,,"datetime"
"seang",2016-10-03 23:00:00,4400,,,,,,,"datetime"
"seang",2016-10-03 23:00:00,4600,,,,,,,"datetime"
"seang",2016-10-03 23:00:00,4800,,,,,,,"datetime"
"seang",2016-10-03 23:15:00,0,,,,,,,"datetime"
"seang",2016-10-03 23:15:00,200,,,,,,,"datetime"
"seang",2016-10-03 23:15:00,400,,,,,,,"datetime"
"seang",2016-10-03 23:15:00,600,,,,,,,"datetime"
"seang",2016-10-03 23:15:00,800,,,,,,,"datetime"
"seang",2016-10-03 23:15:00,1000,,,,,,,"datetime"
"seang",2016-10-03 23:15:00,1200,,,,,,,"datetime"
"seang",2016-10-03 23:15:00,1400,,,,,,,"datetime"
"seang",2016-10-03 23:15:00,1600,,,,,,,"datetime"
"seang",2016-10-03 23:15:00,1800,,,,,,,"datetime"
"seang",2016-10-03 23:15:00,2000,,,,,,,"datetime"
"seang",2016-10-03 23:15:00,2200,,,,,,,"datetime"
"seang",2016-10-03 23:15:00,2400,,,,,,,"datetime"
"seang",2016-10-03 23:15:00,2600,,,,,,,"datetime"
"seang",2016-10-03 23:15:00,2800,,,,,,,"datetime"
"seang",2016-10-03 23:15:00,3000,,,,,,,"datetime"
"seang",2016-10-03 23:15:00,3200,,,,,,,"datetime"
"seang",2016-10-03 23:15:00,3400,,,,,,,"datetime"
"seang",2016-10-03 23:15:00,3600,,,,,,,"datetime"
"seang",2016-10-03 23:15:00,3800,,,,,,,"datetime"
"seang",2016-10-03 23:15:00,4000,,,,,,,"datetime"
"seang",2016-10-03 23:15:00,4200,,,,,,,"datetime"
"seang",2016-10-03 23:15:00,4400,,,,,,,"datetime"
"seang",2016-10-03 23:15:00,4600,,,,,,,"datetime"
"seang",2016-10-03 23:15:00,4800,,,,,,,"datetime"
"seang",2016-10-03 23:30:00,0,,,,,,,"datetime"
"seang",2016-10-03 23:30:00,200,,,,,,,"datetime"
"seang",2016-10-03 23:30:00,400,,,,,,,"datetime"
"seang",2016-10-03 23:30:00,600,,,,,,,"datetime"
"seang",2016-10-03 23:30:00,800,,,,,,,"datetime"
"seang",2016-10-03 23:30:00,1000,,,,,,,"datetime"
"seang",2016-10-03 23:30:00,1200,,,,,,,"datetime"
"seang",2016-10-03 23:30:00,1400,,,,,,,"datetime"
"seang",2016-10-03 23:30:00,1600,,,,,,,"datetime"
"seang",2016-10-03 23:30:00,1800,,,,,,,"datetime"
"seang",2016-10-03 23:30:00,2000,,,,,,,"datetime"
"seang",2016-10-03 23:30:00,2200,,,,,,,"datetime"
"seang",2016-10-03 23:30:00,2400,,,,,,,"datetime"
"seang",2016-10-03 23:30:00,2600,,,,,,,"datetime"
"seang",2016-10-03 23:30:00,2800,,,,,,,"datetime"
"seang",2016-10-03 23:30:00,3000,,,,,,,"datetime"
"seang",2016-10-03 23:30:00,3200,,,,,,,"datetime"
"seang",2016-10-03 23:30:00,3400,,,,,,,"datetime"
"seang",2016-10-03 23:30:00,3600,,,,,,,"datetime"
"seang",2016-10-03 23:30:00,3800,,,,,,,"datetime"
"seang",2016-10-03 23:30:00,4000,,,,,,,"datetime"
"seang",2016-10-03 23:30:00,4200,,,,,,,"datetime"
"seang",2016-10-03 23:30:00,4400,,,,,,,"datetime"
"seang",2016-10-03 23:30:00,4600,,,,,,,"datetime"
"seang",2016-10-03 23:30:00,4800,,,,,,,"datetime"
"seang",2016-10-03 23:45:00,0,,,,,,,"datetime"
"seang",2016-10-03 23:45:00,200,,,,,,,"datetime"
"seang",2016-10-03 23:45:00,400,,,,,,,"datetime"
"seang",2016-10-03 23:45:00,600,,,,,,,"datetime"
"seang",2016-10-03 23:45:00,800,,,,,,,"datetime"
"seang",2016-10-03 23:45:00,1000,,,,,,,"datetime"
"seang",2016-10-03 23:45:00,1200,,,,,,,"datetime"
"seang",2016-10-03 23:45:00,1400,,,,,,,"datetime"
"seang",2016-10-03 23:45:00,1600,,,,,,,"datetime"
"seang",2016-10-03 23:45:00,1800,,,,,,,"datetime"
"seang",2016-10-03 23:45:00,2000,,,,,,,"datetime"
"seang",2016-10-03 23:45:00,2200,,,,,,,"datetime"
"seang",2016-10-03 23:45:00,2400,,,,,,,"datetime"
"seang",2016-10-03 23:45:00,2600,,,,,,,"datetime"
"seang",2016-10-03 23:45:00,2800,,,,,,,"datetime"
"seang",2016-10-03 23:45:00,3000,,,,,,,"datetime"
"seang",2016-10-03 23:45:00,3200,,,,,,,"datetime"
"seang",2016-10-03 23:45:00,3400,,,,,,,"datetime"
"seang",2016-10-03 23:45:00,3600,,,,,,,"datetime"
"seang",2016-10-03 23:45:00,3800,,,,,,,"datetime"
"seang",2016-10-03 23:45:00,4000,,,,,,,"datetime"
"seang",2016-10-03 23:45:00,4200,,,,,,,"datetime"
"seang",2016-10-03 23:45:00,4400,,,,,,,"datetime"
"seang",2016-10-03 23:45:00,4600,,,,,,,"datetime"
"seang",2016-10-03 23:45:00,4800,,,,,,,"datetime"
"searl",2016-10-03 20:00:00,0,,,,,,,"datetime"
"searl",2016-10-03 20:00:00,200,,,,,,,"datetime"
"searl",2016-10-03 20:00:00,400,,,,,,,"datetime"
"searl",2016-10-03 20:00:00,600,,,,,,,"datetime"
"searl",2016-10-03 20:00:00,800,,,,,,,"datetime"
"searl",2016-10-03 20:00:00,1000,,,,,,,"datetime"
"searl",2016-10-03 20:00:00,1200,,,,,,,"datetime"
"searl",2016-10-03 20:00:00,1400,,,,,,,"datetime"
"searl",2016-10-03 20:00:00,1600,,,,,,,"datetime"
"searl",2016-10-03 20:00:00,1800,,,,,,,"datetime"
"searl",2016-10-03 20:00:00,2000,,,,,,,"datetime"
"searl",2016-10-03 20:00:00,2200,,,,,,,"datetime"
"searl",2016-10-03 20:00:00,2400,,,,,,,"datetime"
"searl",2016-10-03 20:00:00,2600,,,,,,,"datetime"
"searl",2016-10-03 20:00:00,2800,,,,,,,"datetime"
"searl",2016-10-03 20:00:00,3000,,,,,,,"datetime"
"searl",2016-10-03 20:00:00,3200,,,,,,,"datetime"
"searl",2016-10-03 20:00:00,3400,,,,,,,"datetime"
"searl",2016-10-03 20:00:00,3600,,,,,,,"datetime"
"searl",2016-10-03 20:00:00,3800,,,,,,,"datetime"
"searl",2016-10-03 20:00:00,4000,,,,,,,"datetime"
"searl",2016-10-03 20:00:00,4200,,,,,,,"datetime"
"searl",2016-10-03 20:00:00,4400,,,,,,,"datetime"
"searl",2016-10-03 20:00:00,4600,,,,,,,"datetime"
"searl",2016-10-03 20:00:00,4800,,,,,,,"datetime"
"searl",2016-10-03 20:15:00,0,,,,,,,"datetime"
"searl",2016-10-03 20:15:00,200,,,,,,,"datetime"
"searl",2016-10-03 20:15:00,400,,,,,,,"datetime"
"searl",2016-10-03 20:15:00,600,,,,,,,"datetime"
"searl",2016-10-03 20:15:00,800,,,,,,,"datetime"
"searl",2016-10-03 20:15:00,1000,,,,,,,"datetime"
"searl",2016-10-03 20:15:00,1200,,,,,,,"datetime"
"searl",2016-10-03 20:15:00,1400,,,,,,,"datetime"
"searl",2016-10-03 20:15:00,1600,,,,,,,"datetime"
"searl",2016-10-03 20:15:00,1800,,,,,,,"datetime"
"searl",2016-10-03 20:15:00,2000,,,,,,,"datetime"
"searl",2016-10-03 20:15:00,2200,,,,,,,"datetime"
"searl",2016-10-03 20:15:00,2400,,,,,,,"datetime"
"searl",2016-10-03 20:15:00,2600,,,,,,,"datetime"
"searl",2016-10-03 20:15:00,2800,,,,,,,"datetime"
"searl",2016-10-03 20:15:00,3000,,,,,,,"datetime"
"searl",2016-10-03 20:15:00,3200,,,,,,,"datetime"
"searl",2016-10-03 20:15:00,3400,,,,,,,"datetime"
"searl",2016-10-03 20:15:00,3600,,,,,,,"datetime"
"searl",2016-10-03 20:15:00,3800,,,,,,,"datetime"
"searl",2016-10-03 20:15:00,4000,,,,,,,"datetime"
"searl",2016-10-03 20:15:00,4200,,,,,,,"datetime"
"searl",2016-10-03 20:15:00,4400,,,,,,,"datetime"
"searl",2016-10-03 20:15:00,4600,,,,,,,"datetime"
"searl",2016-10-03 20:15:00,4800,,,,,,,"datetime"
"searl",2016-10-03 20:30:00,0,,,,,,,"datetime"
"searl",2016-10-03 20:30:00,200,,,,,,,"datetime"
"searl",2016-10-03 20:30:00,400,,,,,,,"datetime"
"searl",2016-10-03 20:30:00,600,,,,,,,"datetime"
"searl",2016-10-03 20:30:00,800,,,,,,,"datetime"
"searl",2016-10-03 20:30:00,1000,,,,,,,"datetime"
"searl",2016-10-03 20:30:00,1200,,,,,,,"datetime"
"searl",2016-10-03 20:30:00,1400,,,,,,,"datetime"
"searl",2016-10-03 20:30:00,1600,,,,,,,"datetime"
"searl",2016-10-03 20:30:00,1800,,,,,,,"datetime"
"searl",2016-10-03 20:30:00,2000,,,,,,,"datetime"
"searl",2016-10-03 20:30:00,2200,,,,,,,"datetime"
"searl",2016-10-03 20:30:00,2400,,,,,,,"datetime"
"searl",2016-10-03 20:30:00,2600,,,,,,,"datetime"
"searl",2016-10-03 20:30:00,2800,,,,,,,"datetime"
"searl",2016-10-03 20:30:00,3000,,,,,,,"datetime"
"searl",2016-10-03 20:30:00,3200,,,,,,,"datetime"
"searl",2016-10-03 20:30:00,3400,,,,,,,"datetime"
"searl",2016-10-03 20:30:00,3600,,,,,,,"datetime"
"searl",2016-10-03 20:30:00,3800,,,,,,,"datetime"
"searl",2016-10-03 20:30:00,4000,,,,,,,"datetime"
"searl",2016-10-03 20:30:00,4200,,,,,,,"datetime"
"searl",2016-10-03 20:30:00,4400,,,,,,,"datetime"
"searl",2016-10-03 20:30:00,4600,,,,,,,"datetime"
"searl",2016-10-03 20:30:00,4800,,,,,,,"datetime"
"searl",2016-10-03 20:45:00,0,,,,,,,"datetime"
"searl",2016-10-03 20:45:00,200,,,,,,,"datetime"
"searl",2016-10-03 20:45:00,400,,,,,,,"datetime"
"searl",2016-10-03 20:45:00,600,,,,,,,"datetime"
"searl",2016-10-03 20:45:00,800,,,,,,,"datetime"
"searl",2016-10-03 20:45:00,1000,,,,,,,"datetime"
"searl",2016-10-03 20:45:00,1200,,,,,,,"datetime"
"searl",2016-10-03 20:45:00,1400,,,,,,,"datetime"
"searl",2016-10-03 20:45:00,1600,,,,,,,"datetime"
"searl",2016-10-03 20:45:00,1800,,,,,,,"datetime"
"searl",2016-10-03 20:45:00,2000,,,,,,,"datetime"
"searl",2016-10-03 20:45:00,2200,,,,,,,"datetime"
"searl",2016-10-03 20:45:00,2400,,,,,,,"datetime"
"searl",2016-10-03 20:45:00,2600,,,,,,,"datetime"
"searl",2016-10-03 20:45:00,2800,,,,,,,"datetime"
"searl",2016-10-03 20:45:00,3000,,,,,,,"datetime"
"searl",2016-10-03 20:45:00,3200,,,,,,,"datetime"
"searl",2016-10-03 20:45:00,3400,,,,,,,"datetime"
"searl",2016-10-03 20:45:00,3600,,,,,,,"datetime"
"searl",2016-10-03 20:45:00,3800,,,,,,,"datetime"
"searl",2016-10-03 20:45:00,4000,,,,,,,"datetime"
"searl",2016-10-03 20:45:00,4200,,,,,,,"datetime"
"searl",2016-10-03 20:45:00,4400,,,,,,,"datetime"
"searl",2016-10-03 20:45:00,4600,,,,,,,"datetime"
"searl",2016-10-03 20:45:00,4800,,,,,,,"datetime"
"searl",2016-10-03 21:00:00,0,,,,,,,"datetime"
"searl",2016-10-03 21:00:00,200,,,,,,,"datetime"
"searl",2016-10-03 21:00:00,400,,,,,,,"datetime"
"searl",2016-10-03 21:00:00,600,,,,,,,"datetime"
"searl",2016-10-03 21:00:00,800,,,,,,,"datetime"
"searl",2016-10-03 21:00:00,1000,,,,,,,"datetime"
"searl",2016-10-03 21:00:00,1200,,,,,,,"datetime"
"searl",2016-10-03 21:00:00,1400,,,,,,,"datetime"
"searl",2016-10-03 21:00:00,1600,,,,,,,"datetime"
"searl",2016-10-03 21:00:00,1800,,,,,,,"datetime"
"searl",2016-10-03 21:00:00,2000,,,,,,,"datetime"
"searl",2016-10-03 21:00:00,2200,,,,,,,"datetime"
"searl",2016-10-03 21:00:00,2400,,,,,,,"datetime"
"searl",2016-10-03 21:00:00,2600,,,,,,,"datetime"
"searl",2016-10-03 21:00:00,2800,,,,,,,"datetime"
"searl",2016-10-03 21:00:00,3000,,,,,,,"datetime"
"searl",2016-10-03 21:00:00,3200,,,,,,,"datetime"
"searl",2016-10-03 21:00:00,3400,,,,,,,"datetime"
"searl",2016-10-03 21:00:00,3600,,,,,,,"datetime"
"searl",2016-10-03 21:00:00,3800,,,,,,,"datetime"
"searl",2016-10-03 21:00:00,4000,,,,,,,"datetime"
"searl",2016-10-03 21:00:00,4200,,,,,,,"datetime"
"searl",2016-10-03 21:00:00,4400,,,,,,,"datetime"
"searl",2016-10-03 21:00:00,4600,,,,,,,"datetime"
"searl",2016-10-03 21:00:00,4800,,,,,,,"datetime"
"searl",2016-10-03 21:15:00,0,,,,,,,"datetime"
"searl",2016-10-03 21:15:00,200,,,,,,,"datetime"
"searl",2016-10-03 21:15:00,400,,,,,,,"datetime"
"searl",2016-10-03 21:15:00,600,,,,,,,"datetime"
"searl",2016-10-03 21:15:00,800,,,,,,,"datetime"
"searl",2016-10-03 21:15:00,1000,,,,,,,"datetime"
"searl",2016-10-03 21:15:00,1200,,,,,,,"datetime"
"searl",2016-10-03 21:15:00,1400,,,,,,,"datetime"
"searl",2016-10-03 21:15:00,1600,,,,,,,"datetime"
"searl",2016-10-03 21:15:00,1800,,,,,,,"datetime"
"searl",2016-10-03 21:15:00,2000,,,,,,,"datetime"
"searl",2016-10-03 21:15:00,2200,,,,,,,"datetime"
"searl",2016-10-03 21:15:00,2400,,,,,,,"datetime"
"searl",2016-10-03 21:15:00,2600,,,,,,,"datetime"
"searl",2016-10-03 21:15:00,2800,,,,,,,"datetime"
"searl",2016-10-03 21:15:00,3000,,,,,,,"datetime"
"searl",2016-10-03 21:15:00,3200,,,,,,,"datetime"
"searl",2016-10-03 21:15:00,3400,,,,,,,"datetime"
"searl",2016-10-03 21:15:00,3600,,,,,,,"datetime"
"searl",2016-10-03 21:15:00,3800,,,,,,,"datetime"
"searl",2016-10-03 21:15:00,4000,,,,,,,"datetime"
"searl",2016-10-03 21:15:00,4200,,,,,,,"datetime"
"searl",2016-10-03 21:15:00,4400,,,,,,,"datetime"
"searl",2016-10-03 21:15:00,4600,,,,,,,"datetime"
"searl",2016-10-03 21:15:00,4800,,,,,,,"datetime"
"searl",2016-10-03 21:30:00,0,,,,,,,"datetime"
"searl",2016-10-03 21:30:00,200,,,,,,,"datetime"
"searl",2016-10-03 21:30:00,400,,,,,,,"datetime"
"searl",2016-10-03 21:30:00,600,,,,,,,"datetime"
"searl",2016-10-03 21:30:00,800,,,,,,,"datetime"
"searl",2016-10-03 21:30:00,1000,,,,,,,"datetime"
"searl",2016-10-03 21:30:00,1200,,,,,,,"datetime"
"searl",2016-10-03 21:30:00,1400,,,,,,,"datetime"
"searl",2016-10-03 21:30:00,1600,,,,,,,"datetime"
"searl",2016-10-03 21:30:00,1800,,,,,,,"datetime"
"searl",2016-10-03 21:30:00,2000,,,,,,,"datetime"
"searl",2016-10-03 21:30:00,2200,,,,,,,"datetime"
"searl",2016-10-03 21:30:00,2400,,,,,,,"datetime"
"searl",2016-10-03 21:30:00,2600,,,,,,,"datetime"
"searl",2016-10-03 21:30:00,2800,,,,,,,"datetime"
"searl",2016-10-03 21:30:00,3000,,,,,,,"datetime"
"searl",2016-10-03 21:30:00,3200,,,,,,,"datetime"
"searl",2016-10-03 21:30:00,3400,,,,,,,"datetime"
"searl",2016-10-03 21:30:00,3600,,,,,,,"datetime"
"searl",2016-10-03 21:30:00,3800,,,,,,,"datetime"
"searl",2016-10-03 21:30:00,4000,,,,,,,"datetime"
"searl",2016-10-03 21:30:00,4200,,,,,,,"datetime"
"searl",2016-10-03 21:30:00,4400,,,,,,,"datetime"
"searl",2016-10-03 21:30:00,4600,,,,,,,"datetime"
"searl",2016-10-03 21:30:00,4800,,,,,,,"datetime"
"searl",2016-10-03 21:45:00,0,,,,,,,"datetime"
"searl",2016-10-03 21:45:00,200,,,,,,,"datetime"
"searl",2016-10-03 21:45:00,400,,,,,,,"datetime"
"searl",2016-10-03 21:45:00,600,,,,,,,"datetime"
"searl",2016-10-03 21:45:00,800,,,,,,,"datetime"
"searl",2016-10-03 21:45:00,1000,,,,,,,"datetime"
"searl",2016-10-03 21:45:00,1200,,,,,,,"datetime"
"searl",2016-10-03 21:45:00,1400,,,,,,,"datetime"
"searl",2016-10-03 21:45:00,1600,,,,,,,"datetime"
"searl",2016-10-03 21:45:00,1800,,,,,,,"datetime"
"searl",2016-10-03 21:45:00,2000,,,,,,,"datetime"
"searl",2016-10-03 21:45:00,2200,,,,,,,"datetime"
"searl",2016-10-03 21:45:00,2400,,,,,,,"datetime"
"searl",2016-10-03 21:45:00,2600,,,,,,,"datetime"
"searl",2016-10-03 21:45:00,2800,,,,,,,"datetime"
"searl",2016-10-03 21:45:00,3000,,,,,,,"datetime"
"searl",2016-10-03 21:45:00,3200,,,,,,,"datetime"
"searl",2016-10-03 21:45:00,3400,,,,,,,"datetime"
"searl",2016-10-03 21:45:00,3600,,,,,,,"datetime"
"searl",2016-10-03 21:45:00,3800,,,,,,,"datetime"
"searl",2016-10-03 21:45:00,4000,,,,,,,"datetime"
"searl",2016-10-03 21:45:00,4200,,,,,,,"datetime"
"searl",2016-10-03 21:45:00,4400,,,,,,,"datetime"
"searl",2016-10-03 21:45:00,4600,,,,,,,"datetime"
"searl",2016-10-03 21:45:00,4800,,,,,,,"datetime"
"searl",2016-10-03 22:00:00,0,,,,,,,"datetime"
"searl",2016-10-03 22:00:00,200,,,,,,,"datetime"
"searl",2016-10-03 22:00:00,400,,,,,,,"datetime"
"searl",2016-10-03 22:00:00,600,,,,,,,"datetime"
"searl",2016-10-03 22:00:00,800,,,,,,,"datetime"
"searl",2016-10-03 22:00:00,1000,,,,,,,"datetime"
"searl",2016-10-03 22:00:00,1200,,,,,,,"datetime"
"searl",2016-10-03 22:00:00,1400,,,,,,,"datetime"
"searl",2016-10-03 22:00:00,1600,,,,,,,"datetime"
"searl",2016-10-03 22:00:00,1800,,,,,,,"datetime"
"searl",2016-10-03 22:00:00,2000,,,,,,,"datetime"
"searl",2016-10-03 22:00:00,2200,,,,,,,"datetime"
"searl",2016-10-03 22:00:00,2400,,,,,,,"datetime"
"searl",2016-10-03 22:00:00,2600,,,,,,,"datetime"
"searl",2016-10-03 22:00:00,2800,,,,,,,"datetime"
"searl",2016-10-03 22:00:00,3000,,,,,,,"datetime"
"searl",2016-10-03 22:00:00,3200,,,,,,,"datetime"
"searl",2016-10-03 22:00:00,3400,,,,,,,"datetime"
"searl",2016-10-03 22:00:00,3600,,,,,,,"datetime"
"searl",2016-10-03 22:00:00,3800,,,,,,,"datetime"
"searl",2016-10-03 22:00:00,4000,,,,,,,"datetime"
"searl",2016-10-03 22:00:00,4200,,,,,,,"datetime"
"searl",2016-10-03 22:00:00,4400,,,,,,,"datetime"
"searl",2016-10-03 22:00:00,4600,,,,,,,"datetime"
"searl",2016-10-03 22:00:00,4800,,,,,,,"datetime"
"searl",2016-10-03 22:15:00,0,,,,,,,"datetime"
"searl",2016-10-03 22:15:00,200,,,,,,,"datetime"
"searl",2016-10-03 22:15:00,400,,,,,,,"datetime"
"searl",2016-10-03 22:15:00,600,,,,,,,"datetime"
"searl",2016-10-03 22:15:00,800,,,,,,,"datetime"
"searl",2016-10-03 22:15:00,1000,,,,,,,"datetime"
"searl",2016-10-03 22:15:00,1200,,,,,,,"datetime"
"searl",2016-10-03 22:15:00,1400,,,,,,,"datetime"
"searl",2016-10-03 22:15:00,1600,,,,,,,"datetime"
"searl",2016-10-03 22:15:00,1800,,,,,,,"datetime"
"searl",2016-10-03 22:15:00,2000,,,,,,,"datetime"
"searl",2016-10-03 22:15:00,2200,,,,,,,"datetime"
"searl",2016-10-03 22:15:00,2400,,,,,,,"datetime"
"searl",2016-10-03 22:15:00,2600,,,,,,,"datetime"
"searl",2016-10-03 22:15:00,2800,,,,,,,"datetime"
"searl",2016-10-03 22:15:00,3000,,,,,,,"datetime"
"searl",2016-10-03 22:15:00,3200,,,,,,,"datetime"
"searl",2016-10-03 22:15:00,3400,,,,,,,"datetime"
"searl",2016-10-03 22:15:00,3600,,,,,,,"datetime"
"searl",2016-10-03 22:15:00,3800,,,,,,,"datetime"
"searl",2016-10-03 22:15:00,4000,,,,,,,"datetime"
"searl",2016-10-03 22:15:00,4200,,,,,,,"datetime"
"searl",2016-10-03 22:15:00,4400,,,,,,,"datetime"
"searl",2016-10-03 22:15:00,4600,,,,,,,"datetime"
"searl",2016-10-03 22:15:00,4800,,,,,,,"datetime"
"searl",2016-10-03 22:30:00,0,,,,,,,"datetime"
"searl",2016-10-03 22:30:00,200,,,,,,,"datetime"
"searl",2016-10-03 22:30:00,400,,,,,,,"datetime"
"searl",2016-10-03 22:30:00,600,,,,,,,"datetime"
"searl",2016-10-03 22:30:00,800,,,,,,,"datetime"
"searl",2016-10-03 22:30:00,1000,,,,,,,"datetime"
"searl",2016-10-03 22:30:00,1200,,,,,,,"datetime"
"searl",2016-10-03 22:30:00,1400,,,,,,,"datetime"
"searl",2016-10-03 22:30:00,1600,,,,,,,"datetime"
"searl",2016-10-03 22:30:00,1800,,,,,,,"datetime"
"searl",2016-10-03 22:30:00,2000,,,,,,,"datetime"
"searl",2016-10-03 22:30:00,2200,,,,,,,"datetime"
"searl",2016-10-03 22:30:00,2400,,,,,,,"datetime"
"searl",2016-10-03 22:30:00,2600,,,,,,,"datetime"
"searl",2016-10-03 22:30:00,2800,,,,,,,"datetime"
"searl",2016-10-03 22:30:00,3000,,,,,,,"datetime"
"searl",2016-10-03 22:30:00,3200,,,,,,,"datetime"
"searl",2016-10-03 22:30:00,3400,,,,,,,"datetime"
"searl",2016-10-03 22:30:00,3600,,,,,,,"datetime"
"searl",2016-10-03 22:30:00,3800,,,,,,,"datetime"
"searl",2016-10-03 22:30:00,4000,,,,,,,"datetime"
"searl",2016-10-03 22:30:00,4200,,,,,,,"datetime"
"searl",2016-10-03 22:30:00,4400,,,,,,,"datetime"
"searl",2016-10-03 22:30:00,4600,,,,,,,"datetime"
"searl",2016-10-03 22:30:00,4800,,,,,,,"datetime"
"searl",2016-10-03 22:45:00,0,,,,,,,"datetime"
"searl",2016-10-03 22:45:00,200,,,,,,,"datetime"
"searl",2016-10-03 22:45:00,400,,,,,,,"datetime"
"searl",2016-10-03 22:45:00,600,,,,,,,"datetime"
"searl",2016-10-03 22:45:00,800,,,,,,,"datetime"
"searl",2016-10-03 22:45:00,1000,,,,,,,"datetime"
"searl",2016-10-03 22:45:00,1200,,,,,,,"datetime"
"searl",2016-10-03 22:45:00,1400,,,,,,,"datetime"
"searl",2016-10-03 22:45:00,1600,,,,,,,"datetime"
"searl",2016-10-03 22:45:00,1800,,,,,,,"datetime"
"searl",2016-10-03 22:45:00,2000,,,,,,,"datetime"
"searl",2016-10-03 22:45:00,2200,,,,,,,"datetime"
"searl",2016-10-03 22:45:00,2400,,,,,,,"datetime"
"searl",2016-10-03 22:45:00,2600,,,,,,,"datetime"
"searl",2016-10-03 22:45:00,2800,,,,,,,"datetime"
"searl",2016-10-03 22:45:00,3000,,,,,,,"datetime"
"searl",2016-10-03 22:45:00,3200,,,,,,,"datetime"
"searl",2016-10-03 22:45:00,3400,,,,,,,"datetime"
"searl",2016-10-03 22:45:00,3600,,,,,,,"datetime"
"searl",2016-10-03 22:45:00,3800,,,,,,,"datetime"
"searl",2016-10-03 22:45:00,4000,,,,,,,"datetime"
"searl",2016-10-03 22:45:00,4200,,,,,,,"datetime"
"searl",2016-10-03 22:45:00,4400,,,,,,,"datetime"
"searl",2016-10-03 22:45:00,4600,,,,,,,"datetime"
"searl",2016-10-03 22:45:00,4800,,,,,,,"datetime"
"searl",2016-10-03 23:00:00,0,,,,,,,"datetime"
"searl",2016-10-03 23:00:00,200,,,,,,,"datetime"
"searl",2016-10-03 23:00:00,400,,,,,,,"datetime"
"searl",2016-10-03 23:00:00,600,,,,,,,"datetime"
"searl",2016-10-03 23:00:00,800,,,,,,,"datetime"
"searl",2016-10-03 23:00:00,1000,,,,,,,"datetime"
"searl",2016-10-03 23:00:00,1200,,,,,,,"datetime"
"searl",2016-10-03 23:00:00,1400,,,,,,,"datetime"
"searl",2016-10-03 23:00:00,1600,,,,,,,"datetime"
"searl",2016-10-03 23:00:00,1800,,,,,,,"datetime"
"searl",2016-10-03 23:00:00,2000,,,,,,,"datetime"
"searl",2016-10-03 23:00:00,2200,,,,,,,"datetime"
"searl",2016-10-03 23:00:00,2400,,,,,,,"datetime"
"searl",2016-10-03 23:00:00,2600,,,,,,,"datetime"
"searl",2016-10-03 23:00:00,2800,,,,,,,"datetime"
"searl",2016-10-03 23:00:00,3000,,,,,,,"datetime"
"searl",2016-10-03 23:00:00,3200,,,,,,,"datetime"
"searl",2016-10-03 23:00:00,3400,,,,,,,"datetime"
"searl",2016-10-03 23:00:00,3600,,,,,,,"datetime"
"searl",2016-10-03 23:00:00,3800,,,,,,,"datetime"
"searl",2016-10-03 23:00:00,4000,,,,,,,"datetime"
"searl",2016-10-03 23:00:00,4200,,,,,,,"datetime"
"searl",2016-10-03 23:00:00,4400,,,,,,,"datetime"
"searl",2016-10-03 23:00:00,4600,,,,,,,"datetime"
"searl",2016-10-03 23:00:00,4800,,,,,,,"datetime"
"searl",2016-10-03 23:15:00,0,,,,,,,"datetime"
"searl",2016-10-03 23:15:00,200,,,,,,,"datetime"
"searl",2016-10-03 23:15:00,400,,,,,,,"datetime"
"searl",2016-10-03 23:15:00,600,,,,,,,"datetime"
"searl",2016-10-03 23:15:00,800,,,,,,,"datetime"
"searl",2016-10-03 23:15:00,1000,,,,,,,"datetime"
"searl",2016-10-03 23:15:00,1200,,,,,,,"datetime"
"searl",2016-10-03 23:15:00,1400,,,,,,,"datetime"
"searl",2016-10-03 23:15:00,1600,,,,,,,"datetime"
"searl",2016-10-03 23:15:00,1800,,,,,,,"datetime"
"searl",2016-10-03 23:15:00,2000,,,,,,,"datetime"
"searl",2016-10-03 23:15:00,2200,,,,,,,"datetime"
"searl",2016-10-03 23:15:00,2400,,,,,,,"datetime"
"searl",2016-10-03 23:15:00,2600,,,,,,,"datetime"
"searl",2016-10-03 23:15:00,2800,,,,,,,"datetime"
"searl",2016-10-03 23:15:00,3000,,,,,,,"datetime"
"searl",2016-10-03 23:15:00,3200,,,,,,,"datetime"
"searl",2016-10-03 23:15:00,3400,,,,,,,"datetime"
"searl",2016-10-03 23:15:00,3600,,,,,,,"datetime"
"searl",2016-10-03 23:15:00,3800,,,,,,,"datetime"
"searl",2016-10-03 23:15:00,4000,,,,,,,"datetime"
"searl",2016-10-03 23:15:00,4200,,,,,,,"datetime"
"searl",2016-10-03 23:15:00,4400,,,,,,,"datetime"
"searl",2016-10-03 23:15:00,4600,,,,,,,"datetime"
"searl",2016-10-03 23:15:00,4800,,,,,,,"datetime"
"searl",2016-10-03 23:30:00,0,,,,,,,"datetime"
"searl",2016-10-03 23:30:00,200,,,,,,,"datetime"
"searl",2016-10-03 23:30:00,400,,,,,,,"datetime"
"searl",2016-10-03 23:30:00,600,,,,,,,"datetime"
"searl",2016-10-03 23:30:00,800,,,,,,,"datetime"
"searl",2016-10-03 23:30:00,1000,,,,,,,"datetime"
"searl",2016-10-03 23:30:00,1200,,,,,,,"datetime"
"searl",2016-10-03 23:30:00,1400,,,,,,,"datetime"
"searl",2016-10-03 23:30:00,1600,,,,,,,"datetime"
"searl",2016-10-03 23:30:00,1800,,,,,,,"datetime"
"searl",2016-10-03 23:30:00,2000,,,,,,,"datetime"
"searl",2016-10-03 23:30:00,2200,,,,,,,"datetime"
"searl",2016-10-03 23:30:00,2400,,,,,,,"datetime"
"searl",2016-10-03 23:30:00,2600,,,,,,,"datetime"
"searl",2016-10-03 23:30:00,2800,,,,,,,"datetime"
"searl",2016-10-03 23:30:00,3000,,,,,,,"datetime"
"searl",2016-10-03 23:30:00,3200,,,,,,,"datetime"
"searl",2016-10-03 23:30:00,3400,,,,,,,"datetime"
"searl",2016-10-03 23:30:00,3600,,,,,,,"datetime"
"searl",2016-10-03 23:30:00,3800,,,,,,,"datetime"
"searl",2016-10-03 23:30:00,4000,,,,,,,"datetime"
"searl",2016-10-03 23:30:00,4200,,,,,,,"datetime"
"searl",2016-10-03 23:30:00,4400,,,,,,,"datetime"
"searl",2016-10-03 23:30:00,4600,,,,,,,"datetime"
"searl",2016-10-03 23:30:00,4800,,,,,,,"datetime"
"searl",2016-10-03 23:45:00,0,,,,,,,"datetime"
"searl",2016-10-03 23:45:00,200,,,,,,,"datetime"
"searl",2016-10-03 23:45:00,400,,,,,,,"datetime"
"searl",2016-10-03 23:45:00,600,,,,,,,"datetime"
"searl",2016-10-03 23:45:00,800,,,,,,,"datetime"
"searl",2016-10-03 23:45:00,1000,,,,,,,"datetime"
"searl",2016-10-03 23:45:00,1200,,,,,,,"datetime"
"searl",2016-10-03 23:45:00,1400,,,,,,,"datetime"
"searl",2016-10-03 23:45:00,1600,,,,,,,"datetime"
"searl",2016-10-03 23:45:00,1800,,,,,,,"datetime"
"searl",2016-10-03 23:45:00,2000,,,,,,,"datetime"
"searl",2016-10-03 23:45:00,2200,,,,,,,"datetime"
"searl",2016-10-03 23:45:00,2400,,,,,,,"datetime"
"searl",2016-10-03 23:45:00,2600,,,,,,,"datetime"
"searl",2016-10-03 23:45:00,2800,,,,,,,"datetime"
"searl",2016-10-03 23:45:00,3000,,,,,,,"datetime"
"searl",2016-10-03 23:45:00,3200,,,,,,,"datetime"
"searl",2016-10-03 23:45:00,3400,,,,,,,"datetime"
"searl",2016-10-03 23:45:00,3600,,,,,,,"datetime"
"searl",2016-10-03 23:45:00,3800,,,,,,,"datetime"
"searl",2016-10-03 23:45:00,4000,,,,,,,"datetime"
"searl",2016-10-03 23:45:00,4200,,,,,,,"datetime"
"searl",2016-10-03 23:45:00,4400,,,,,,,"datetime"
"searl",2016-10-03 23:45:00,4600,,,,,,,"datetime"
"searl",2016-10-03 23:45:00,4800,,,,,,,"datetime"
"sease",2016-10-03 20:00:00,0,,,,,,,"height"
"sease",2016-10-03 20:00:00,200,-5.8521203994751,-6.71702146530151,1.98670959472656,221.063598632812,8.90874195098877,3.53981662219448,
"sease",2016-10-03 20:00:00,400,-9.74003982543945,-11.3826484680176,1.79985737800598,220.553329467773,14.9810905456543,5.39276526983431,
"sease",2016-10-03 20:00:00,600,-11.2107267379761,-13.4863767623901,1.1270192861557,219.735488891602,17.537467956543,3.95301292347231,
"sease",2016-10-03 20:00:00,800,-10.7720766067505,-13.9984216690063,0.775084912776947,217.579025268555,17.6633358001709,2.73811701760508,
"sease",2016-10-03 20:00:00,1000,-12.3294048309326,-13.7708597183228,0.724974632263184,221.838897705078,18.4837989807129,2.68005707377379,
"sease",2016-10-03 20:00:00,1200,-13.3041095733643,-15.5669584274292,0.404395222663879,220.518447875977,20.4775371551514,1.65620363949306,
"sease",2016-10-03 20:00:00,1400,-13.9572048187256,-15.0434732437134,0.19922262430191,222.854888916016,20.5209560394287,0.817647743071825,
"sease",2016-10-03 20:00:00,1600,-12.399920463562,-13.2841186523438,0.0886154472827911,223.0283203125,18.1721172332764,0.32206605934042,
"sease",2016-10-03 20:00:00,1800,-14.0419635772705,-16.6629943847656,0.0375824384391308,220.120956420898,21.7906436920166,0.163789105020849,
"sease",2016-10-03 20:00:00,2000,,,0,,,,
"sease",2016-10-03 20:00:00,2200,,,,,,,"height"
"sease",2016-10-03 20:00:00,2400,,,,,,,"height"
"sease",2016-10-03 20:00:00,2600,,,,,,,"height"
"sease",2016-10-03 20:00:00,2800,,,,,,,"height"
"sease",2016-10-03 20:00:00,3000,,,,,,,"height"
"sease",2016-10-03 20:00:00,3200,,,,,,,"height"
"sease",2016-10-03 20:00:00,3400,,,,,,,"height"
"sease",2016-10-03 20:00:00,3600,,,,,,,"height"
"sease",2016-10-03 20:00:00,3800,,,,,,,"height"
"sease",2016-10-03 20:00:00,4000,,,,,,,"height"
"sease",2016-10-03 20:00:00,4200,,,,,,,"height"
"sease",2016-10-03 20:00:00,4400,,,,,,,"height"
"sease",2016-10-03 20:00:00,4600,,,,,,,"height"
"sease",2016-10-03 20:00:00,4800,,,,,,,"height"
"sease",2016-10-03 20:15:00,0,,,,,,,"height"
"sease",2016-10-03 20:15:00,200,-4.99652862548828,-5.05151081085205,2.01017045974731,224.686477661133,7.10514307022095,2.8565097424073,
"sease",2016-10-03 20:15:00,400,-10.0327968597412,-10.2829570770264,2.36973929405212,224.294509887695,14.3664960861206,6.80897005862521,
"sease",2016-10-03 20:15:00,600,-11.3754053115845,-13.7487497329712,1.6207150220871,219.603591918945,17.8445491790771,5.78418578338046,
"sease",2016-10-03 20:15:00,800,-12.7447290420532,-14.9922151565552,0.95938628911972,220.367523193359,19.6772613525391,3.77561894981027,
"sease",2016-10-03 20:15:00,1000,-15.549747467041,-16.5086708068848,0.959582567214966,223.286697387695,22.6788635253906,4.35244841664244,
"sease",2016-10-03 20:15:00,1200,-15.8601064682007,-15.3868570327759,0.610162854194641,225.867706298828,22.0974731445312,2.69661145687132,
"sease",2016-10-03 20:15:00,1400,-13.2857942581177,-15.6864929199219,0.255325436592102,220.26318359375,20.5567111968994,1.04973025224922,
"sease",2016-10-03 20:15:00,1600,-12.690390586853,-15.6897869110107,0.0871195495128632,218.967010498047,20.1795787811279,0.35160716255424,
"sease",2016-10-03 20:15:00,1800,-12.755223274231,-18.1883449554443,0.0606734752655029,215.041427612305,22.2151203155518,0.26957371059716,
"sease",2016-10-03 20:15:00,2000,,,0,,,,
"sease",2016-10-03 20:15:00,2200,,,,,,,"height"
"sease",2016-10-03 20:15:00,2400,,,,,,,"height"
"sease",2016-10-03 20:15:00,2600,,,,,,,"height"
"sease",2016-10-03 20:15:00,2800,,,,,,,"height"
"sease",2016-10-03 20:15:00,3000,,,,,,,"height"
"sease",2016-10-03 20:15:00,3200,,,,,,,"height"
"sease",2016-10-03 20:15:00,3400,,,,,,,"height"
"sease",2016-10-03 20:15:00,3600,,,,,,,"height"
"sease",2016-10-03 20:15:00,3800,,,,,,,"height"
"sease",2016-10-03 20:15:00,4000,,,,,,,"height"
"sease",2016-10-03 20:15:00,4200,,,,,,,"height"
"sease",2016-10-03 20:15:00,4400,,,,,,,"height"
"sease",2016-10-03 20:15:00,4600,,,,,,,"height"
"sease",2016-10-03 20:15:00,4800,,,,,,,"height"
"sease",2016-10-03 20:30:00,0,,,,,,,"height"
"sease",2016-10-03 20:30:00,200,-4.98869752883911,-6.19113492965698,2.51530051231384,218.861190795898,7.950927734375,3.99979452072876,
"sease",2016-10-03 20:30:00,400,-8.49046421051025,-9.8351469039917,3.01779174804688,220.803314208984,12.9930019378662,7.84203480608994,
"sease",2016-10-03 20:30:00,600,-11.4046115875244,-13.4358577728271,2.84254956245422,220.325225830078,17.6234912872314,10.0191294894871,
"sease",2016-10-03 20:30:00,800,-15.1414346694946,-16.1532917022705,1.93208301067352,223.148086547852,22.1402778625488,8.55537094196434,
"sease",2016-10-03 20:30:00,1000,-17.7471752166748,-18.042407989502,1.83907234668732,224.527374267578,25.307918548584,9.30861863098317,
"sease",2016-10-03 20:30:00,1200,-17.2407970428467,-18.6892967224121,1.13843429088593,222.69140625,25.4270496368408,5.78940504452762,
"sease",2016-10-03 20:30:00,1400,-14.6435842514038,-16.998950958252,0.364453196525574,220.742935180664,22.4365520477295,1.63541462256148,
"sease",2016-10-03 20:30:00,1600,-13.5338039398193,-15.9448881149292,0.129988342523575,220.324142456055,20.9141883850098,0.543720136678644,
"sease",2016-10-03 20:30:00,1800,,,0,,,,
"sease",2016-10-03 20:30:00,2000,,,0,,,,
"sease",2016-10-03 20:30:00,2200,,,,,,,"height"
"sease",2016-10-03 20:30:00,2400,,,,,,,"height"
"sease",2016-10-03 20:30:00,2600,,,,,,,"height"
"sease",2016-10-03 20:30:00,2800,,,,,,,"height"
"sease",2016-10-03 20:30:00,3000,,,,,,,"height"
"sease",2016-10-03 20:30:00,3200,,,,,,,"height"
"sease",2016-10-03 20:30:00,3400,,,,,,,"height"
"sease",2016-10-03 20:30:00,3600,,,,,,,"height"
"sease",2016-10-03 20:30:00,3800,,,,,,,"height"
"sease",2016-10-03 20:30:00,4000,,,,,,,"height"
"sease",2016-10-03 20:30:00,4200,,,,,,,"height"
"sease",2016-10-03 20:30:00,4400,,,,,,,"height"
"sease",2016-10-03 20:30:00,4600,,,,,,,"height"
"sease",2016-10-03 20:30:00,4800,,,,,,,"height"
"sease",2016-10-03 20:45:00,0,,,,,,,"height"
"sease",2016-10-03 20:45:00,200,-4.52643203735352,-5.91835403442383,2.79914546012878,217.409210205078,7.45087242126465,4.17121514239634,
"sease",2016-10-03 20:45:00,400,-10.2401876449585,-11.1247463226318,4.34544801712036,222.629165649414,15.1202325820923,13.1408369384503,
"sease",2016-10-03 20:45:00,600,-14.379545211792,-15.3618097305298,3.975998878479,223.108383178711,21.0417804718018,16.732419111417,
"sease",2016-10-03 20:45:00,800,-17.8113594055176,-17.698543548584,2.81799054145813,225.182022094727,25.1094207763672,14.151622049859,
"sease",2016-10-03 20:45:00,1000,-19.2791271209717,-19.0242004394531,2.59279584884644,225.381317138672,27.0851421356201,14.0452488189303,
"sease",2016-10-03 20:45:00,1200,-18.6569423675537,-19.062068939209,1.37339615821838,224.384628295898,26.6729068756104,7.32649356629599,
"sease",2016-10-03 20:45:00,1400,-16.0623016357422,-17.9282112121582,0.413900882005692,221.857894897461,24.0711097717285,1.99261071307485,
"sease",2016-10-03 20:45:00,1600,,,0,,,,
"sease",2016-10-03 20:45:00,1800,,,0,,,,
"sease",2016-10-03 20:45:00,2000,,,0,,,,
"sease",2016-10-03 20:45:00,2200,,,,,,,"height"
"sease",2016-10-03 20:45:00,2400,,,,,,,"height"
"sease",2016-10-03 20:45:00,2600,,,,,,,"height"
"sease",2016-10-03 20:45:00,2800,,,,,,,"height"
"sease",2016-10-03 20:45:00,3000,,,,,,,"height"
"sease",2016-10-03 20:45:00,3200,,,,,,,"height"
"sease",2016-10-03 20:45:00,3400,,,,,,,"height"
"sease",2016-10-03 20:45:00,3600,,,,,,,"height"
"sease",2016-10-03 20:45:00,3800,,,,,,,"height"
"sease",2016-10-03 20:45:00,4000,,,,,,,"height"
"sease",2016-10-03 20:45:00,4200,,,,,,,"height"
"sease",2016-10-03 20:45:00,4400,,,,,,,"height"
"sease",2016-10-03 20:45:00,4600,,,,,,,"height"
"sease",2016-10-03 20:45:00,4800,,,,,,,"height"
"sease",2016-10-03 21:00:00,0,,,,,,,"height"
"sease",2016-10-03 21:00:00,200,-4.14856767654419,-4.38087272644043,2.97376537322998,223.439895629883,6.03346157073975,3.58841981995592,
"sease",2016-10-03 21:00:00,400,-11.4541969299316,-11.635778427124,5.42821025848389,224.549423217773,16.3275833129883,17.7259110471627,
"sease",2016-10-03 21:00:00,600,-16.3199901580811,-16.2283115386963,5.03086709976196,225.161376953125,23.0152168273926,23.1572994261634,
"sease",2016-10-03 21:00:00,800,-18.3871059417725,-17.6955509185791,3.46923422813416,226.097991943359,25.5189762115479,17.7062611480086,
"sease",2016-10-03 21:00:00,1000,-19.6077709197998,-18.6649360656738,3.04416179656982,226.411178588867,27.0711002349854,16.481761825291,
"sease",2016-10-03 21:00:00,1200,-19.3330497741699,-18.8740882873535,1.40766334533691,225.688232421875,27.0184764862061,7.60658379929591,
"sease",2016-10-03 21:00:00,1400,-16.2659206390381,-17.556734085083,0.49137869477272,222.814407348633,23.9336395263672,2.35209611032542,
"sease",2016-10-03 21:00:00,1600,-13.4305009841919,-16.3998928070068,0.143114820122719,219.315353393555,21.1975193023682,0.606735832401256,
"sease",2016-10-03 21:00:00,1800,,,0,,,,
"sease",2016-10-03 21:00:00,2000,,,0,,,,
"sease",2016-10-03 21:00:00,2200,,,,,,,"height"
"sease",2016-10-03 21:00:00,2400,,,,,,,"height"
"sease",2016-10-03 21:00:00,2600,,,,,,,"height"
"sease",2016-10-03 21:00:00,2800,,,,,,,"height"
"sease",2016-10-03 21:00:00,3000,,,,,,,"height"
"sease",2016-10-03 21:00:00,3200,,,,,,,"height"
"sease",2016-10-03 21:00:00,3400,,,,,,,"height"
"sease",2016-10-03 21:00:00,3600,,,,,,,"height"
"sease",2016-10-03 21:00:00,3800,,,,,,,"height"
"sease",2016-10-03 21:00:00,4000,,,,,,,"height"
"sease",2016-10-03 21:00:00,4200,,,,,,,"height"
"sease",2016-10-03 21:00:00,4400,,,,,,,"height"
"sease",2016-10-03 21:00:00,4600,,,,,,,"height"
"sease",2016-10-03 21:00:00,4800,,,,,,,"height"
"sease",2016-10-03 21:15:00,0,,,,,,,"height"
"sease",2016-10-03 21:15:00,200,-5.68233203887939,-6.24117422103882,3.28235864639282,222.31657409668,8.44044780731201,5.54091536795158,
"sease",2016-10-03 21:15:00,400,-12.6603097915649,-11.6487674713135,5.50960159301758,227.382797241211,17.2039890289307,18.9574250720107,
"sease",2016-10-03 21:15:00,600,-15.1210021972656,-14.9315309524536,5.17405128479004,225.361221313477,21.2507724761963,21.9905173266488,
"sease",2016-10-03 21:15:00,800,-19.055290222168,-17.5519542694092,3.43556904792786,227.351623535156,25.9070491790771,17.8010912565564,
"sease",2016-10-03 21:15:00,1000,-19.9329376220703,-18.3541526794434,2.84414005279541,227.361282348633,27.0960693359375,15.4130032143323,
"sease",2016-10-03 21:15:00,1200,-18.9410858154297,-18.5785713195801,1.38673341274261,225.553573608398,26.5316429138184,7.35846314470955,
"sease",2016-10-03 21:15:00,1400,-16.3375606536865,-17.638692855835,0.387413948774338,222.806915283203,24.0424499511719,1.86287609475858,
"sease",2016-10-03 21:15:00,1600,-15.1395988464355,-16.943826675415,0.109707050025463,221.781326293945,22.7222518920898,0.498558245003335,
"sease",2016-10-03 21:15:00,1800,,,0,,,,
"sease",2016-10-03 21:15:00,2000,,,0,,,,
"sease",2016-10-03 21:15:00,2200,,,,,,,"height"
"sease",2016-10-03 21:15:00,2400,,,,,,,"height"
"sease",2016-10-03 21:15:00,2600,,,,,,,"height"
"sease",2016-10-03 21:15:00,2800,,,,,,,"height"
"sease",2016-10-03 21:15:00,3000,,,,,,,"height"
"sease",2016-10-03 21:15:00,3200,,,,,,,"height"
"sease",2016-10-03 21:15:00,3400,,,,,,,"height"
"sease",2016-10-03 21:15:00,3600,,,,,,,"height"
"sease",2016-10-03 21:15:00,3800,,,,,,,"height"
"sease",2016-10-03 21:15:00,4000,,,,,,,"height"
"sease",2016-10-03 21:15:00,4200,,,,,,,"height"
"sease",2016-10-03 21:15:00,4400,,,,,,,"height"
"sease",2016-10-03 21:15:00,4600,,,,,,,"height"
"sease",2016-10-03 21:15:00,4800,,,,,,,"height"
"sease",2016-10-03 21:30:00,0,,,,,,,"height"
"sease",2016-10-03 21:30:00,200,-5.80977344512939,-5.3097243309021,3.09261703491211,227.574890136719,7.87061882019043,4.86816196772415,
"sease",2016-10-03 21:30:00,400,-12.8807353973389,-12.4440832138062,5.26526784896851,225.98779296875,17.9100131988525,18.860203334104,
"sease",2016-10-03 21:30:00,600,-16.5876884460449,-15.8434972763062,4.56018400192261,226.314514160156,22.9383487701416,20.9206182184242,
"sease",2016-10-03 21:30:00,800,-19.1309146881104,-17.3571224212646,3.30761933326721,227.783126831055,25.8314075469971,17.0880926015904,
"sease",2016-10-03 21:30:00,1000,-19.4506969451904,-17.8424263000488,2.50189757347107,227.469360351562,26.3947296142578,13.2073819948673,
"sease",2016-10-03 21:30:00,1200,-18.273401260376,-18.0933723449707,1.13670241832733,225.283630371094,25.7155075073242,5.84617591441802,
"sease",2016-10-03 21:30:00,1400,-15.1542863845825,-17.5601387023926,0.382551223039627,220.793975830078,23.1950607299805,1.77465977014649,
"sease",2016-10-03 21:30:00,1600,-12.6019992828369,-17.6162242889404,0.106372378766537,215.578536987305,21.6596794128418,0.460798324492913,
"sease",2016-10-03 21:30:00,1800,,,0,,,,
"sease",2016-10-03 21:30:00,2000,,,0,,,,
"sease",2016-10-03 21:30:00,2200,,,,,,,"height"
"sease",2016-10-03 21:30:00,2400,,,,,,,"height"
"sease",2016-10-03 21:30:00,2600,,,,,,,"height"
"sease",2016-10-03 21:30:00,2800,,,,,,,"height"
"sease",2016-10-03 21:30:00,3000,,,,,,,"height"
"sease",2016-10-03 21:30:00,3200,,,,,,,"height"
"sease",2016-10-03 21:30:00,3400,,,,,,,"height"
"sease",2016-10-03 21:30:00,3600,,,,,,,"height"
"sease",2016-10-03 21:30:00,3800,,,,,,,"height"
"sease",2016-10-03 21:30:00,4000,,,,,,,"height"
"sease",2016-10-03 21:30:00,4200,,,,,,,"height"
"sease",2016-10-03 21:30:00,4400,,,,,,,"height"
"sease",2016-10-03 21:30:00,4600,,,,,,,"height"
"sease",2016-10-03 21:30:00,4800,,,,,,,"height"
"sease",2016-10-03 21:45:00,0,,,,,,,"height"
"sease",2016-10-03 21:45:00,200,-6.62168979644775,-6.13889646530151,2.87799000740051,227.166732788086,9.0295524597168,5.19739235007273,
"sease",2016-10-03 21:45:00,400,-12.6362791061401,-11.9102001190186,4.58242988586426,226.694305419922,17.364574432373,15.9143889668441,
"sease",2016-10-03 21:45:00,600,-15.1146068572998,-14.6657638549805,4.19266843795776,225.863479614258,21.0602931976318,17.6597653167695,
"sease",2016-10-03 21:45:00,800,-18.8313732147217,-17.5286273956299,3.02889490127563,227.051971435547,25.726900100708,15.5848153081324,
"sease",2016-10-03 21:45:00,1000,-19.2298984527588,-17.5046119689941,2.5221803188324,227.688995361328,26.0038547515869,13.1172821336458,
"sease",2016-10-03 21:45:00,1200,-18.0512065887451,-17.6629028320312,1.06514716148376,225.622924804688,25.2551822662354,5.38009714072714,
"sease",2016-10-03 21:45:00,1400,-15.6090993881226,-16.9185237884521,0.365820527076721,222.694763183594,23.0191326141357,1.68417424515042,
"sease",2016-10-03 21:45:00,1600,,,0,,,,
"sease",2016-10-03 21:45:00,1800,,,0,,,,
"sease",2016-10-03 21:45:00,2000,,,0,,,,
"sease",2016-10-03 21:45:00,2200,,,,,,,"height"
"sease",2016-10-03 21:45:00,2400,,,,,,,"height"
"sease",2016-10-03 21:45:00,2600,,,,,,,"height"
"sease",2016-10-03 21:45:00,2800,,,,,,,"height"
"sease",2016-10-03 21:45:00,3000,,,,,,,"height"
"sease",2016-10-03 21:45:00,3200,,,,,,,"height"
"sease",2016-10-03 21:45:00,3400,,,,,,,"height"
"sease",2016-10-03 21:45:00,3600,,,,,,,"height"
"sease",2016-10-03 21:45:00,3800,,,,,,,"height"
"sease",2016-10-03 21:45:00,4000,,,,,,,"height"
"sease",2016-10-03 21:45:00,4200,,,,,,,"height"
"sease",2016-10-03 21:45:00,4400,,,,,,,"height"
"sease",2016-10-03 21:45:00,4600,,,,,,,"height"
"sease",2016-10-03 21:45:00,4800,,,,,,,"height"
"sease",2016-10-03 22:00:00,0,,,,,,,"height"
"sease",2016-10-03 22:00:00,200,-6.77060127258301,-6.26491546630859,2.73093938827515,227.221557617188,9.22443580627441,5.03827501559408,
"sease",2016-10-03 22:00:00,400,-13.3880996704102,-11.9971504211426,3.96845149993896,228.136306762695,17.9770088195801,14.2681775228957,
"sease",2016-10-03 22:00:00,600,-16.5886611938477,-15.536205291748,3.81251621246338,226.876419067383,22.727897644043,17.3300956486244,
"sease",2016-10-03 22:00:00,800,-18.5955829620361,-16.7312202453613,2.94332194328308,228.020965576172,25.0145835876465,14.7251945551217,
"sease",2016-10-03 22:00:00,1000,-18.3291339874268,-17.1385860443115,2.29001784324646,226.92253112793,25.0935897827148,11.4929536707048,
"sease",2016-10-03 22:00:00,1200,-17.8813743591309,-17.366569519043,0.883927941322327,225.836761474609,24.9267177581787,4.40668446238192,
"sease",2016-10-03 22:00:00,1400,-15.9238452911377,-16.7791919708252,0.277486592531204,223.501770019531,23.1324481964111,1.28378884538535,
"sease",2016-10-03 22:00:00,1600,-13.6321535110474,-16.9544277191162,0.09087785333395,218.800903320312,21.7551879882812,0.395412956650307,
"sease",2016-10-03 22:00:00,1800,,,0,,,,
"sease",2016-10-03 22:00:00,2000,,,0,,,,
"sease",2016-10-03 22:00:00,2200,,,,,,,"height"
"sease",2016-10-03 22:00:00,2400,,,,,,,"height"
"sease",2016-10-03 22:00:00,2600,,,,,,,"height"
"sease",2016-10-03 22:00:00,2800,,,,,,,"height"
"sease",2016-10-03 22:00:00,3000,,,,,,,"height"
"sease",2016-10-03 22:00:00,3200,,,,,,,"height"
"sease",2016-10-03 22:00:00,3400,,,,,,,"height"
"sease",2016-10-03 22:00:00,3600,,,,,,,"height"
"sease",2016-10-03 22:00:00,3800,,,,,,,"height"
"sease",2016-10-03 22:00:00,4000,,,,,,,"height"
"sease",2016-10-03 22:00:00,4200,,,,,,,"height"
"sease",2016-10-03 22:00:00,4400,,,,,,,"height"
"sease",2016-10-03 22:00:00,4600,,,,,,,"height"
"sease",2016-10-03 22:00:00,4800,,,,,,,"height"
"sease",2016-10-03 22:15:00,0,,,,,,,"height"
"sease",2016-10-03 22:15:00,200,-6.87506341934204,-6.32682371139526,2.75399136543274,227.377975463867,9.34319019317627,5.14621302352066,
"sease",2016-10-03 22:15:00,400,-14.1932525634766,-12.3709869384766,4.45182466506958,228.924255371094,18.8278980255127,16.7637001642785,
"sease",2016-10-03 22:15:00,600,-16.3792533874512,-15.0715179443359,3.77975630760193,227.381011962891,22.2582702636719,16.8261674850844,
"sease",2016-10-03 22:15:00,800,-18.8854637145996,-16.8810768127441,2.86284899711609,228.207550048828,25.3304462432861,14.5034485248189,
"sease",2016-10-03 22:15:00,1000,-19.089168548584,-17.2645606994629,2.22960519790649,227.873291015625,25.7383251190186,11.4772606941542,
"sease",2016-10-03 22:15:00,1200,-17.9906234741211,-17.2594795227051,0.92996746301651,226.188232421875,24.9309482574463,4.63699414031464,
"sease",2016-10-03 22:15:00,1400,-15.8857851028442,-16.538106918335,0.321353077888489,223.847442626953,22.9317932128906,1.47384046609295,
"sease",2016-10-03 22:15:00,1600,-14.74338722229,-17.5519504547119,0.077169805765152,220.029769897461,22.9224433898926,0.35378410081214,
"sease",2016-10-03 22:15:00,1800,,,0,,,,
"sease",2016-10-03 22:15:00,2000,,,0,,,,
"sease",2016-10-03 22:15:00,2200,,,,,,,"height"
"sease",2016-10-03 22:15:00,2400,,,,,,,"height"
"sease",2016-10-03 22:15:00,2600,,,,,,,"height"
"sease",2016-10-03 22:15:00,2800,,,,,,,"height"
"sease",2016-10-03 22:15:00,3000,,,,,,,"height"
"sease",2016-10-03 22:15:00,3200,,,,,,,"height"
"sease",2016-10-03 22:15:00,3400,,,,,,,"height"
"sease",2016-10-03 22:15:00,3600,,,,,,,"height"
"sease",2016-10-03 22:15:00,3800,,,,,,,"height"
"sease",2016-10-03 22:15:00,4000,,,,,,,"height"
"sease",2016-10-03 22:15:00,4200,,,,,,,"height"
"sease",2016-10-03 22:15:00,4400,,,,,,,"height"
"sease",2016-10-03 22:15:00,4600,,,,,,,"height"
"sease",2016-10-03 22:15:00,4800,,,,,,,"height"
"sease",2016-10-03 22:30:00,0,,,,,,,"height"
"sease",2016-10-03 22:30:00,200,-8.45806884765625,-6.28876686096191,2.70273184776306,233.368347167969,10.5398063659668,5.69725406691086,
"sease",2016-10-03 22:30:00,400,-14.7685976028442,-12.4676828384399,4.22496461868286,229.828872680664,19.3275604248047,16.331651792051,
"sease",2016-10-03 22:30:00,600,-17.4856910705566,-14.7767791748047,3.85216283798218,229.799575805664,22.8932876586914,17.6377343916094,
"sease",2016-10-03 22:30:00,800,-18.5720119476318,-16.3144359588623,2.8615026473999,228.702560424805,24.7200412750244,14.1472927104634,
"sease",2016-10-03 22:30:00,1000,-18.7985706329346,-16.9088592529297,2.17586517333984,228.029388427734,25.2842998504639,11.0030454953812,
"sease",2016-10-03 22:30:00,1200,-17.3732357025146,-16.5733947753906,0.825414717197418,226.349731445312,24.010555267334,3.96373313714789,
"sease",2016-10-03 22:30:00,1400,-15.5646686553955,-16.709114074707,0.245555743575096,222.969116210938,22.8353538513184,1.12147045895218,
"sease",2016-10-03 22:30:00,1600,-14.6365413665771,-16.6726512908936,0.0766630470752716,221.279159545898,22.1857089996338,0.34016481068744,
"sease",2016-10-03 22:30:00,1800,,,0,,,,
"sease",2016-10-03 22:30:00,2000,,,0,,,,
"sease",2016-10-03 22:30:00,2200,,,,,,,"height"
"sease",2016-10-03 22:30:00,2400,,,,,,,"height"
"sease",2016-10-03 22:30:00,2600,,,,,,,"height"
"sease",2016-10-03 22:30:00,2800,,,,,,,"height"
"sease",2016-10-03 22:30:00,3000,,,,,,,"height"
"sease",2016-10-03 22:30:00,3200,,,,,,,"height"
"sease",2016-10-03 22:30:00,3400,,,,,,,"height"
"sease",2016-10-03 22:30:00,3600,,,,,,,"height"
"sease",2016-10-03 22:30:00,3800,,,,,,,"height"
"sease",2016-10-03 22:30:00,4000,,,,,,,"height"
"sease",2016-10-03 22:30:00,4200,,,,,,,"height"
"sease",2016-10-03 22:30:00,4400,,,,,,,"height"
"sease",2016-10-03 22:30:00,4600,,,,,,,"height"
"sease",2016-10-03 22:30:00,4800,,,,,,,"height"
"sease",2016-10-03 22:45:00,0,,,,,,,"height"
"sease",2016-10-03 22:45:00,200,-7.94664144515991,-6.02716064453125,3.36181640625,232.821350097656,9.97375392913818,6.70598591817543,
"sease",2016-10-03 22:45:00,400,-14.8446617126465,-11.9299049377441,4.11129331588745,231.212921142578,19.0443325042725,15.6593673860707,
"sease",2016-10-03 22:45:00,600,-16.8645420074463,-14.5335845947266,3.95765900611877,229.24577331543,22.2629261016846,17.6218139977777,
"sease",2016-10-03 22:45:00,800,-18.2890281677246,-16.0814266204834,2.92974019050598,228.675033569336,24.3536624908447,14.2699807570892,
"sease",2016-10-03 22:45:00,1000,-18.4013385772705,-16.6214447021484,2.10827469825745,227.909332275391,24.7968082427979,10.4556966831665,
"sease",2016-10-03 22:45:00,1200,-16.9545993804932,-16.2875633239746,0.79231721162796,226.149536132812,23.5104904174805,3.7255532423168,
"sease",2016-10-03 22:45:00,1400,-16.4625415802002,-16.9707260131836,0.231422767043114,224.129165649414,23.6436214447021,1.09433445953057,
"sease",2016-10-03 22:45:00,1600,-14.3307628631592,-16.2664928436279,0.0711314976215363,221.380020141602,21.6787815093994,0.30840883907473,
"sease",2016-10-03 22:45:00,1800,-13.3848571777344,-20.7357215881348,0.0379241518676281,212.842147827148,24.6804485321045,0.187197015658542,
"sease",2016-10-03 22:45:00,2000,,,0,,,,
"sease",2016-10-03 22:45:00,2200,,,,,,,"height"
"sease",2016-10-03 22:45:00,2400,,,,,,,"height"
"sease",2016-10-03 22:45:00,2600,,,,,,,"height"
"sease",2016-10-03 22:45:00,2800,,,,,,,"height"
"sease",2016-10-03 22:45:00,3000,,,,,,,"height"
"sease",2016-10-03 22:45:00,3200,,,,,,,"height"
"sease",2016-10-03 22:45:00,3400,,,,,,,"height"
"sease",2016-10-03 22:45:00,3600,,,,,,,"height"
"sease",2016-10-03 22:45:00,3800,,,,,,,"height"
"sease",2016-10-03 22:45:00,4000,,,,,,,"height"
"sease",2016-10-03 22:45:00,4200,,,,,,,"height"
"sease",2016-10-03 22:45:00,4400,,,,,,,"height"
"sease",2016-10-03 22:45:00,4600,,,,,,,"height"
"sease",2016-10-03 22:45:00,4800,,,,,,,"height"
"sease",2016-10-03 23:00:00,0,,,,,,,"height"
"sease",2016-10-03 23:00:00,200,-8.40752506256104,-6.88085079193115,2.77623081207275,230.702560424805,10.8642807006836,6.03235016644903,
"sease",2016-10-03 23:00:00,400,-15.8907108306885,-13.1133089065552,4.017746925354,230.469924926758,20.6027565002441,16.5553323165346,
"sease",2016-10-03 23:00:00,600,-17.1744728088379,-14.8163557052612,4.18085289001465,229.215774536133,22.6823043823242,18.9662755658064,
"sease",2016-10-03 23:00:00,800,-18.7362117767334,-16.065258026123,2.91911029815674,229.388748168945,24.6807250976562,14.4091517597088,
"sease",2016-10-03 23:00:00,1000,-18.246150970459,-16.5717811584473,2.0490198135376,227.753189086914,24.6484470367432,10.1010312702438,
"sease",2016-10-03 23:00:00,1200,-17.0112152099609,-16.034143447876,0.713316023349762,226.693603515625,23.3768081665039,3.33501036798816,
"sease",2016-10-03 23:00:00,1400,-15.7787828445435,-15.7103080749512,0.247434034943581,225.124588012695,22.2662029266357,1.10188328660201,
"sease",2016-10-03 23:00:00,1600,-16.4773960113525,-18.0245876312256,0.108349062502384,222.432373046875,24.4211044311523,0.529200754077635,
"sease",2016-10-03 23:00:00,1800,,,0,,,,
"sease",2016-10-03 23:00:00,2000,,,0,,,,
"sease",2016-10-03 23:00:00,2200,,,,,,,"height"
"sease",2016-10-03 23:00:00,2400,,,,,,,"height"
"sease",2016-10-03 23:00:00,2600,,,,,,,"height"
"sease",2016-10-03 23:00:00,2800,,,,,,,"height"
"sease",2016-10-03 23:00:00,3000,,,,,,,"height"
"sease",2016-10-03 23:00:00,3200,,,,,,,"height"
"sease",2016-10-03 23:00:00,3400,,,,,,,"height"
"sease",2016-10-03 23:00:00,3600,,,,,,,"height"
"sease",2016-10-03 23:00:00,3800,,,,,,,"height"
"sease",2016-10-03 23:00:00,4000,,,,,,,"height"
"sease",2016-10-03 23:00:00,4200,,,,,,,"height"
"sease",2016-10-03 23:00:00,4400,,,,,,,"height"
"sease",2016-10-03 23:00:00,4600,,,,,,,"height"
"sease",2016-10-03 23:00:00,4800,,,,,,,"height"
"sease",2016-10-03 23:15:00,0,,,,,,,"height"
"sease",2016-10-03 23:15:00,200,-7.95947504043579,-6.38427543640137,2.90705060958862,231.266983032227,10.2035398483276,5.93244134720853,
"sease",2016-10-03 23:15:00,400,-15.17578125,-12.0036773681641,4.12156677246094,231.656845092773,19.3492279052734,15.9498269614298,
"sease",2016-10-03 23:15:00,600,-17.5075912475586,-14.6421680450439,3.94929981231689,230.093170166016,22.8234272003174,18.0273113517284,
"sease",2016-10-03 23:15:00,800,-19.0238571166992,-16.2627124786377,2.76470351219177,229.474227905273,25.0276432037354,13.8388026134499,
"sease",2016-10-03 23:15:00,1000,-18.1889953613281,-15.7478895187378,1.83547210693359,229.114242553711,24.0590019226074,8.83192538992153,
"sease",2016-10-03 23:15:00,1200,-17.170431137085,-16.8116092681885,0.720850884914398,225.604965209961,24.0302715301514,3.46444849944858,
"sease",2016-10-03 23:15:00,1400,-15.9802370071411,-16.1429233551025,0.273448824882507,224.709823608398,22.7147960662842,1.24226685835424,
"sease",2016-10-03 23:15:00,1600,-14.6600389480591,-18.0366592407227,0.0956943556666374,219.103912353516,23.2430171966553,0.4448451108765,
"sease",2016-10-03 23:15:00,1800,,,0,,,,
"sease",2016-10-03 23:15:00,2000,,,0,,,,
"sease",2016-10-03 23:15:00,2200,,,,,,,"height"
"sease",2016-10-03 23:15:00,2400,,,,,,,"height"
"sease",2016-10-03 23:15:00,2600,,,,,,,"height"
"sease",2016-10-03 23:15:00,2800,,,,,,,"height"
"sease",2016-10-03 23:15:00,3000,,,,,,,"height"
"sease",2016-10-03 23:15:00,3200,,,,,,,"height"
"sease",2016-10-03 23:15:00,3400,,,,,,,"height"
"sease",2016-10-03 23:15:00,3600,,,,,,,"height"
"sease",2016-10-03 23:15:00,3800,,,,,,,"height"
"sease",2016-10-03 23:15:00,4000,,,,,,,"height"
"sease",2016-10-03 23:15:00,4200,,,,,,,"height"
"sease",2016-10-03 23:15:00,4400,,,,,,,"height"
"sease",2016-10-03 23:15:00,4600,,,,,,,"height"
"sease",2016-10-03 23:15:00,4800,,,,,,,"height"
"sease",2016-10-03 23:30:00,0,,,,,,,"height"
"sease",2016-10-03 23:30:00,200,-8.12266826629639,-5.85118913650513,2.85089468955994,234.232788085938,10.0107021331787,5.7078915100491,
"sease",2016-10-03 23:30:00,400,-16.108736038208,-12.3433799743652,4.2217755317688,232.538726806641,20.2940979003906,17.1354251910379,
"sease",2016-10-03 23:30:00,600,-18.0765056610107,-14.4903526306152,3.96602725982666,231.283905029297,23.1674423217773,18.3765415577262,
"sease",2016-10-03 23:30:00,800,-18.8965835571289,-15.5285902023315,2.92799830436707,230.587753295898,24.4584941864014,14.322885901031,
"sease",2016-10-03 23:30:00,1000,-18.1986980438232,-16.7270069122314,2.02201342582703,227.412887573242,24.7181186676025,9.9960735614156,
"sease",2016-10-03 23:30:00,1200,-17.0686531066895,-17.0618152618408,0.726824343204498,225.011474609375,24.1338863372803,3.50821921721315,
"sease",2016-10-03 23:30:00,1400,-14.8138027191162,-15.5117616653442,0.238417580723763,223.681533813477,21.4490909576416,1.02276807496897,
"sease",2016-10-03 23:30:00,1600,-14.0262365341187,-15.3847770690918,0.0666516497731209,222.35530090332,20.8189010620117,0.277522820449292,
"sease",2016-10-03 23:30:00,1800,,,0,,,,
"sease",2016-10-03 23:30:00,2000,,,0,,,,
"sease",2016-10-03 23:30:00,2200,,,,,,,"height"
"sease",2016-10-03 23:30:00,2400,,,,,,,"height"
"sease",2016-10-03 23:30:00,2600,,,,,,,"height"
"sease",2016-10-03 23:30:00,2800,,,,,,,"height"
"sease",2016-10-03 23:30:00,3000,,,,,,,"height"
"sease",2016-10-03 23:30:00,3200,,,,,,,"height"
"sease",2016-10-03 23:30:00,3400,,,,,,,"height"
"sease",2016-10-03 23:30:00,3600,,,,,,,"height"
"sease",2016-10-03 23:30:00,3800,,,,,,,"height"
"sease",2016-10-03 23:30:00,4000,,,,,,,"height"
"sease",2016-10-03 23:30:00,4200,,,,,,,"height"
"sease",2016-10-03 23:30:00,4400,,,,,,,"height"
"sease",2016-10-03 23:30:00,4600,,,,,,,"height"
"sease",2016-10-03 23:30:00,4800,,,,,,,"height"
"sease",2016-10-03 23:45:00,0,,,,,,,"height"
"sease",2016-10-03 23:45:00,200,-8.01165294647217,-4.60047912597656,2.66242933273315,240.134552001953,9.23855972290039,4.91940247969142,
"sease",2016-10-03 23:45:00,400,-15.8895893096924,-11.9124155044556,4.59560823440552,233.141128540039,19.8591213226318,18.252948295669,
"sease",2016-10-03 23:45:00,600,-18.0879516601562,-14.4483108520508,4.54113817214966,231.3828125,23.1501121520996,21.025571596689,
"sease",2016-10-03 23:45:00,800,-19.2954196929932,-15.3205537796021,3.19034171104431,231.550445556641,24.6380310058594,15.7207475991992,
"sease",2016-10-03 23:45:00,1000,-18.3501510620117,-15.8963499069214,2.06494235992432,229.098297119141,24.2780151367188,10.0265403741389,
"sease",2016-10-03 23:45:00,1200,-17.8810901641846,-16.5296497344971,0.653748691082001,227.249069213867,24.3508262634277,3.18386415929622,
"sease",2016-10-03 23:45:00,1400,-14.3849115371704,-15.2984704971313,0.189182087779045,223.237182617188,20.9992599487305,0.794536767783143,
"sease",2016-10-03 23:45:00,1600,,,0,,,,
"sease",2016-10-03 23:45:00,1800,,,0,,,,
"sease",2016-10-03 23:45:00,2000,,,0,,,,
"sease",2016-10-03 23:45:00,2200,,,,,,,"height"
"sease",2016-10-03 23:45:00,2400,,,,,,,"height"
"sease",2016-10-03 23:45:00,2600,,,,,,,"height"
"sease",2016-10-03 23:45:00,2800,,,,,,,"height"
"sease",2016-10-03 23:45:00,3000,,,,,,,"height"
"sease",2016-10-03 23:45:00,3200,,,,,,,"height"
"sease",2016-10-03 23:45:00,3400,,,,,,,"height"
"sease",2016-10-03 23:45:00,3600,,,,,,,"height"
"sease",2016-10-03 23:45:00,3800,,,,,,,"height"
"sease",2016-10-03 23:45:00,4000,,,,,,,"height"
"sease",2016-10-03 23:45:00,4200,,,,,,,"height"
"sease",2016-10-03 23:45:00,4400,,,,,,,"height"
"sease",2016-10-03 23:45:00,4600,,,,,,,"height"
"sease",2016-10-03 23:45:00,4800,,,,,,,"height"
